#{"t_start": 1790540396.7526677, "env_id": "None"}
r,l,t
1.428288,1000,12.965823
-3.917066,1000,17.048141
-2.876706,1000,21.81085
-5.518472,1000,25.898573
-4.799659,1000,30.654751
-5.573352,1000,34.709894
-4.111634,1000,39.469487
-6.399115,1000,43.508596
-2.884731,1000,48.26225
-5.761782,1000,52.339644
-1.297608,1000,57.111113
-3.690854,1000,61.214049
-1.002994,1000,65.971174
9.473407,1000,70.066193
0.992886,1000,74.821591
2.8836,1000,78.901451
-1.241453,1000,83.665426
11.069111,1000,87.763754
-3.282613,1000,92.5268
2.024615,1000,96.618086
1.748827,1000,101.377795
1.765432,1000,105.462909
7.050674,1000,110.238551
2.413746,1000,114.335999
6.854286,1000,119.116377
8.989357,1000,123.238305
5.883888,1000,128.031063
2.690467,1000,132.14939
6.004633,1000,136.928521
1.597938,1000,141.040002
4.328751,1000,145.792729
5.426893,1000,149.919048
0.855329,1000,154.704681
9.002897,1000,158.804726
2.237374,1000,163.583391
7.309329,1000,167.651912
4.089007,1000,172.44361
7.197929,1000,176.508586
9.883658,1000,181.302058
5.60583,1000,185.419784
4.46341,1000,190.220189
4.59288,1000,194.34817
6.909604,1000,198.462651
5.212368,1000,203.235121
4.784923,1000,207.361005
10.884115,1000,212.130414
14.293196,1000,216.263163
6.225562,1000,221.048595
8.344964,1000,225.163861
6.632693,1000,229.952451
13.321659,1000,234.080593
5.977337,1000,238.874876
2.362614,1000,243.008855
17.517405,1000,247.805618
14.122285,1000,251.936133
2.463718,1000,256.72942
11.377017,1000,260.837499
9.744388,1000,265.633838
7.498347,1000,269.769372
14.410031,1000,274.569314
7.286447,1000,278.703957
7.496518,1000,283.500571
11.514603,1000,287.630481
13.347936,1000,292.425977
6.155687,1000,296.565299
1.377347,1000,301.361671
16.132586,1000,305.486953
14.97128,1000,310.286882
7.105313,1000,314.416151
5.553394,1000,319.215343
2.445393,1000,323.341327
8.944403,1000,328.134583
6.464942,1000,332.263945
4.81768,1000,337.065831
10.046593,1000,341.199841
19.458107,1000,345.996462
11.850483,1000,350.131177
14.437449,1000,354.935203
3.655439,1000,359.068302
4.279068,1000,363.869602
8.705506,1000,368.003226
13.81442,1000,372.803835
4.30561,1000,376.93451
8.225494,1000,381.679025
10.39512,1000,385.813751
13.621305,1000,389.913815
6.153247,1000,394.7108
11.120002,1000,398.833032
4.654271,1000,403.606998
10.787428,1000,407.742505
17.898945,1000,412.533956
3.995054,1000,416.623648
9.849605,1000,421.418147
6.248464,1000,425.56247
11.767949,1000,430.366074
4.852227,1000,434.494072
4.418321,1000,439.293542
4.191374,1000,443.424346
15.936996,1000,448.225622
5.968153,1000,452.362429
8.809045,1000,457.165739
13.560163,1000,461.299405
8.120985,1000,466.098336
14.830848,1000,470.236349
19.249283,1000,475.035556
9.918938,1000,479.168785
11.289381,1000,483.965636
6.113724,1000,488.099503
9.045465,1000,492.891142
6.035317,1000,497.022319
4.522796,1000,501.814263
15.529879,1000,505.944147
14.479005,1000,510.741613
7.650922,1000,514.879022
9.789505,1000,519.680722
9.433304,1000,523.806459
9.646882,1000,528.599265
8.006599,1000,532.726034
7.022334,1000,537.521616
8.101847,1000,541.646734
9.508053,1000,546.444605
10.056433,1000,550.576217
5.9717,1000,555.362696
11.458646,1000,559.490527
11.32354,1000,564.289505
6.752649,1000,568.418971
9.759741,1000,573.203225
6.444137,1000,577.343971
5.988925,1000,581.456836
10.415293,1000,586.253187
7.809686,1000,590.387236
9.123574,1000,595.187872
6.95241,1000,599.319158
10.840756,1000,604.119909
10.715857,1000,608.258325
11.120867,1000,613.061414
5.951172,1000,617.195597
7.535826,1000,621.998682
11.146341,1000,626.130226
6.366892,1000,630.919592
16.997277,1000,635.059771
9.478368,1000,639.860939
11.817537,1000,643.993419
22.107337,1000,648.786484
8.75364,1000,652.911185
9.396504,1000,657.71495
9.7341,1000,661.839146
12.82992,1000,666.643536
17.611181,1000,670.764964
9.05796,1000,675.567402
15.627248,1000,679.683809
11.949684,1000,684.487576
12.465578,1000,688.622016
11.226721,1000,693.426585
12.771763,1000,697.558932
6.804065,1000,702.37011
10.743724,1000,706.503751
7.732441,1000,711.304613
10.003368,1000,715.437522
9.203371,1000,720.218673
9.390834,1000,724.35051
10.878229,1000,729.151291
8.92841,1000,733.284088
11.602376,1000,738.087943
8.548397,1000,742.222807
13.023416,1000,747.016636
12.158707,1000,751.14997
6.847824,1000,755.951849
21.24139,1000,760.088987
7.902046,1000,764.889166
8.716893,1000,769.018926
6.639051,1000,773.160642
8.291401,1000,777.940221
14.372505,1000,782.07249
15.828373,1000,786.866282
18.273463,1000,791.00392
18.972428,1000,795.78341
14.638876,1000,799.914013
11.754274,1000,804.716485
13.104553,1000,808.855263
9.411867,1000,813.60765
9.135342,1000,817.742245
6.97573,1000,822.542917
11.519571,1000,826.67731
12.331805,1000,831.465272
11.236425,1000,835.59927
9.888064,1000,840.36855
14.309225,1000,844.477161
9.546997,1000,849.283062
8.191589,1000,853.419328
18.107215,1000,858.21596
10.328442,1000,862.351238
16.355859,1000,867.148852
7.36864,1000,871.262483
20.640859,1000,876.02869
15.446383,1000,880.135975
12.405055,1000,884.917303
9.86132,1000,889.049744
14.01196,1000,893.817539
9.124585,1000,897.924237
9.637709,1000,902.719628
9.655625,1000,906.805298
17.601241,1000,911.5934
13.862834,1000,915.694177
9.875969,1000,920.495496
7.909009,1000,924.606404
10.180533,1000,929.376286
13.725386,1000,933.48526
10.021438,1000,938.240059
21.931964,1000,942.364015
10.879433,1000,947.164067
15.035403,1000,951.297959
9.234719,1000,956.096627
11.761204,1000,960.235121
14.261101,1000,964.375664
13.6394,1000,969.173447
15.919278,1000,973.306165
13.308235,1000,978.106329
9.133627,1000,982.254116
11.523962,1000,987.050246
17.090078,1000,991.188536
14.786783,1000,995.982163
15.784415,1000,1000.122283
11.913801,1000,1004.933505
21.98231,1000,1009.065763
22.750981,1000,1013.866297
14.374418,1000,1017.997515
15.966812,1000,1022.793548
10.737967,1000,1026.927428
19.048189,1000,1031.698154
15.198979,1000,1035.83388
11.256446,1000,1040.631776
17.188893,1000,1044.767029
9.998472,1000,1049.57071
19.223877,1000,1053.707743
14.754424,1000,1058.493132
13.204531,1000,1062.636379
16.004863,1000,1067.425657
12.819411,1000,1071.558837
20.295668,1000,1076.355834
10.803583,1000,1080.488069
20.138614,1000,1085.291093
11.668208,1000,1089.428736
23.436764,1000,1094.228321
13.518417,1000,1098.367405
13.184696,1000,1103.169537
11.32423,1000,1107.312191
11.600191,1000,1112.11604
11.108993,1000,1116.255606
9.066098,1000,1121.064486
23.730506,1000,1125.201833
14.355262,1000,1129.999614
14.302184,1000,1134.135839
9.565716,1000,1138.928805
14.936014,1000,1143.065143
11.499099,1000,1147.19676
14.415192,1000,1151.992295
23.838678,1000,1156.126334
24.590258,1000,1160.923563
16.73526,1000,1165.058452
16.22082,1000,1169.859187
19.34776,1000,1173.995912
15.880716,1000,1178.792697
12.27022,1000,1182.934816
9.860546,1000,1187.737345
13.158709,1000,1191.879214
14.68575,1000,1196.667796
18.785105,1000,1200.80122
15.736199,1000,1205.595284
12.398777,1000,1209.728622
10.7115,1000,1214.53021
12.348262,1000,1218.666224
15.615778,1000,1223.462695
10.716182,1000,1227.597816
11.080183,1000,1232.391604
24.150231,1000,1236.531727
18.503168,1000,1241.332787
18.933216,1000,1245.464459
9.515709,1000,1250.256803
12.182326,1000,1254.382074
11.68712,1000,1259.186199
16.126871,1000,1263.321419
14.541055,1000,1268.115711
11.693244,1000,1272.253653
14.912155,1000,1277.054365
13.19052,1000,1281.187723
14.560332,1000,1285.986198
15.482963,1000,1290.122784
12.590786,1000,1294.921547
18.102753,1000,1299.056306
13.25773,1000,1303.851474
16.033174,1000,1307.988763
14.691536,1000,1312.783667
10.679664,1000,1316.921384
17.655926,1000,1321.715779
19.738588,1000,1325.851647
21.812125,1000,1330.653981
15.952635,1000,1334.786346
12.778041,1000,1338.915884
18.627234,1000,1343.714709
16.651122,1000,1347.84426
11.988552,1000,1352.633527
10.851107,1000,1356.764859
14.14836,1000,1361.567757
10.955529,1000,1365.703083
17.424868,1000,1370.502002
13.071309,1000,1374.638886
16.476979,1000,1379.43392
20.157789,1000,1383.567779
13.044847,1000,1388.36895
15.609121,1000,1392.505691
21.95172,1000,1397.318754
20.240242,1000,1401.453756
14.267458,1000,1406.243192
10.484028,1000,1410.358626
13.26673,1000,1415.158471
15.493928,1000,1419.293316
12.520449,1000,1424.081146
19.322344,1000,1428.21685
23.09967,1000,1433.015059
25.309687,1000,1437.153247
16.856336,1000,1441.950297
16.077126,1000,1446.082663
18.357546,1000,1450.865593
16.002775,1000,1454.99576
18.598153,1000,1459.791345
10.343886,1000,1463.926731
13.586198,1000,1468.730746
11.821824,1000,1472.87001
10.763532,1000,1477.663152
9.20756,1000,1481.805388
17.728836,1000,1486.601978
16.492469,1000,1490.736924
10.137714,1000,1495.530665
16.989108,1000,1499.666229
16.215348,1000,1504.45904
11.421305,1000,1508.604762
15.224315,1000,1513.40065
17.544718,1000,1517.543599
15.023689,1000,1522.342442
11.773208,1000,1526.479072
11.755462,1000,1530.603251
12.788603,1000,1535.40906
16.311571,1000,1539.5467
10.835219,1000,1544.349357
22.210536,1000,1548.47735
21.397771,1000,1553.279219
17.317415,1000,1557.40706
16.099623,1000,1562.20166
11.833427,1000,1566.330187
16.299175,1000,1571.133724
15.69218,1000,1575.263662
20.966827,1000,1580.053293
16.137939,1000,1584.175614
14.195186,1000,1588.976174
12.565221,1000,1593.102127
10.245873,1000,1597.893068
16.385103,1000,1602.02343
16.358982,1000,1606.828898
16.265359,1000,1610.953951
10.087358,1000,1615.722142
14.934318,1000,1619.853582
15.510314,1000,1624.659465
16.823967,1000,1628.787763
16.905527,1000,1633.587182
14.743736,1000,1637.72192
10.652415,1000,1642.521398
15.869695,1000,1646.653961
18.214573,1000,1651.440625
13.62266,1000,1655.566098
14.494102,1000,1660.366443
15.328428,1000,1664.500157
10.990932,1000,1669.301543
18.276073,1000,1673.424986
12.99193,1000,1678.235308
15.545502,1000,1682.371251
29.059785,1000,1687.168194
15.030794,1000,1691.312717
20.037588,1000,1696.116952
17.279042,1000,1700.258822
13.825442,1000,1705.058228
23.395244,1000,1709.196511
17.989473,1000,1713.993076
26.637863,1000,1718.131382
16.687455,1000,1722.26438
15.467616,1000,1727.066679
10.985938,1000,1731.199483
12.765272,1000,1736.001861
23.818061,1000,1740.139274
12.990077,1000,1744.940871
14.001361,1000,1749.072471
13.29486,1000,1753.877993
15.022909,1000,1758.019178
16.307042,1000,1762.82147
16.938286,1000,1766.95126
14.676877,1000,1771.750147
12.611678,1000,1775.887239
14.905078,1000,1780.68926
18.356197,1000,1784.828065
15.853577,1000,1789.629402
18.032304,1000,1793.763616
16.173396,1000,1798.564559
21.369829,1000,1802.700167
17.872363,1000,1807.497284
12.280732,1000,1811.629083
16.747508,1000,1816.416016
24.645301,1000,1820.546273
14.696622,1000,1825.344901
13.835468,1000,1829.478709
18.270116,1000,1834.271426
16.683067,1000,1838.411908
12.503198,1000,1843.205364
18.299761,1000,1847.340108
17.377037,1000,1852.137968
18.269807,1000,1856.269502
14.427542,1000,1861.072552
17.102704,1000,1865.207663
24.491978,1000,1870.011452
12.098039,1000,1874.154196
13.022987,1000,1878.95649
11.684298,1000,1883.096052
21.408321,1000,1887.904196
12.679173,1000,1892.042027
15.935501,1000,1896.846926
13.405391,1000,1900.980302
18.050384,1000,1905.784603
15.060115,1000,1909.924124
24.752324,1000,1914.062485
16.215337,1000,1918.859505
13.852657,1000,1922.999642
21.483688,1000,1927.799394
14.536221,1000,1931.936309
19.536472,1000,1936.740844
26.44136,1000,1940.882283
21.162392,1000,1945.685122
17.728739,1000,1949.82057
14.759075,1000,1954.60771
25.025619,1000,1958.745618
27.354984,1000,1963.548465
18.803735,1000,1967.689906
20.825308,1000,1972.496642
11.2957,1000,1976.633551
16.482784,1000,1981.438089
13.459875,1000,1985.579484
18.809853,1000,1990.382856
15.005188,1000,1994.524545
12.1008,1000,1999.294471
15.063418,1000,2003.430813
15.756399,1000,2008.232929
14.762545,1000,2012.379225
16.977087,1000,2017.183163
18.048411,1000,2021.322392
11.668368,1000,2026.124282
23.834714,1000,2030.264099
16.627681,1000,2035.067933
15.149039,1000,2039.20687
15.611292,1000,2044.008363
13.773528,1000,2048.144234
16.152979,1000,2052.932083
15.942808,1000,2057.071171
21.469414,1000,2061.868994
25.135561,1000,2066.003534
17.37754,1000,2070.80589
16.604243,1000,2074.943611
19.8825,1000,2079.756803
14.551056,1000,2083.891857
23.486809,1000,2088.70614
12.621156,1000,2092.835266
15.696716,1000,2097.629891
20.498775,1000,2101.764971
17.317699,1000,2105.905003
21.58056,1000,2110.674321
15.365567,1000,2114.789918
15.473384,1000,2119.591267
17.542923,1000,2123.725911
13.565076,1000,2128.522811
16.796988,1000,2132.653652
17.305072,1000,2137.455558
16.925316,1000,2141.530005
24.086031,1000,2146.324449
21.339251,1000,2150.458495
24.22649,1000,2155.25451
13.163368,1000,2159.388815
15.685612,1000,2164.133662
18.091273,1000,2168.175234
19.358957,1000,2172.862832
25.609076,1000,2176.830266
23.234612,1000,2181.331731
17.210625,1000,2185.204072
17.612213,1000,2189.66664
12.403747,1000,2193.512617
15.578302,1000,2197.985707
10.855437,1000,2201.850729
10.923796,1000,2206.334713
24.305158,1000,2210.201104
21.07242,1000,2214.665323
12.534647,1000,2218.518049
21.1788,1000,2222.987952
12.558753,1000,2226.848884
25.754393,1000,2231.319167
12.117736,1000,2235.166034
