#{"t_start": 1790504533.1253355, "env_id": "None"}
r,l,t
-261.359864,1000,4.539855
-255.923217,1000,8.708049
-220.297877,1000,14.226935
-223.35045,1000,18.926411
-195.993095,1000,23.882486
-172.273523,1000,27.929929
-139.465275,1000,32.492122
-141.747691,1000,36.388372
-96.825533,1000,40.847339
-111.163591,1000,44.683508
-89.412451,1000,49.040666
-71.55787,1000,52.824635
-59.029214,1000,57.180281
-61.704094,1000,60.961812
-48.623569,1000,65.31605
-34.310005,1000,69.103468
-30.431895,1000,73.449608
-27.318546,1000,77.223585
-22.414491,1000,81.562334
-14.769716,1000,85.342753
-23.04535,1000,89.6813
-7.008313,1000,93.454059
-7.30938,1000,97.803859
-10.922044,1000,101.593145
-0.986383,1000,105.953609
-9.917535,1000,109.746951
-1.589239,1000,114.114017
-2.37178,1000,117.906906
-0.215041,1000,122.269055
3.500462,1000,126.056402
0.704858,1000,130.417266
2.380952,1000,134.210866
-2.480794,1000,138.571915
0.823523,1000,142.36041
1.96011,1000,146.72196
3.353933,1000,150.505111
6.65891,1000,154.859468
3.42019,1000,158.654939
5.031162,1000,163.020911
7.900669,1000,166.8145
7.025819,1000,171.175255
6.833586,1000,174.967346
4.550977,1000,178.75544
9.181253,1000,183.115279
4.57959,1000,186.909095
10.021711,1000,191.268581
9.84357,1000,195.063707
8.55028,1000,199.417726
7.825435,1000,203.213287
11.343995,1000,207.572826
10.540979,1000,211.365719
