#{"t_start": 1790503867.932023, "env_id": "None"}
r,l,t
68.977195,1000,4.20415
61.904736,1000,8.397192
54.027073,1000,13.249509
52.463848,1000,17.431022
36.52524,1000,22.298028
42.366052,1000,26.486041
43.183076,1000,31.349818
62.09931,1000,35.548648
57.327289,1000,40.404554
42.80523,1000,44.592431
52.527739,1000,49.449659
61.912878,1000,53.930822
58.961682,1000,59.162224
49.234656,1000,63.427414
35.676866,1000,68.291995
54.472548,1000,72.512636
50.888753,1000,77.419184
47.271954,1000,81.608515
37.8301,1000,86.458546
54.074761,1000,90.647386
43.991445,1000,95.524847
41.806199,1000,99.704046
44.701214,1000,104.565263
37.778155,1000,108.769812
35.373654,1000,113.634555
47.620729,1000,118.020992
36.123023,1000,123.260327
52.842239,1000,127.450472
48.131826,1000,132.427222
57.207282,1000,137.138216
43.396652,1000,141.985722
45.290175,1000,146.202858
30.3762,1000,151.08821
31.815486,1000,155.299785
42.517091,1000,160.183441
54.806978,1000,164.396261
45.693229,1000,169.299809
32.134489,1000,173.494018
48.986636,1000,178.909859
62.388881,1000,183.195464
48.37779,1000,188.050943
36.857987,1000,192.229594
47.976841,1000,196.416837
39.968358,1000,201.270834
34.642712,1000,205.459423
43.925188,1000,210.313159
51.146955,1000,214.496359
51.93215,1000,219.362678
47.265613,1000,223.557292
39.672951,1000,228.447769
60.986228,1000,232.736375
