#{"t_start": 1790536895.4392285, "env_id": "None"}
r,l,t
-85.037501,1000,4.188848
-90.014168,1000,8.256193
-70.252235,1000,12.700558
-66.923525,1000,16.533312
-65.444909,1000,20.931206
-70.057664,1000,24.75209
-45.80277,1000,29.141253
-48.682292,1000,32.967303
-40.972366,1000,37.355817
-43.63554,1000,41.179617
-31.049896,1000,45.573202
-27.542094,1000,49.3995
-22.246093,1000,53.796373
-10.591601,1000,57.630561
-13.58997,1000,62.026794
-7.469738,1000,65.853431
-11.203782,1000,70.242522
5.309682,1000,74.062046
-9.445836,1000,78.454063
-4.575971,1000,82.277975
-0.596276,1000,86.673297
3.265225,1000,90.5012
4.761111,1000,94.896295
5.208136,1000,98.722766
11.231583,1000,103.114911
17.518216,1000,106.941586
13.71888,1000,111.333936
9.238443,1000,115.161796
11.102257,1000,119.560847
11.832998,1000,123.386375
13.483977,1000,127.774663
15.135416,1000,131.592481
9.139732,1000,135.989089
17.680909,1000,139.815155
15.508619,1000,144.208395
20.199034,1000,148.029367
13.659612,1000,152.424188
18.066745,1000,156.250518
19.154989,1000,160.643356
16.540602,1000,164.467078
14.729274,1000,168.857989
15.62764,1000,172.676767
16.516454,1000,176.492658
17.258907,1000,180.893101
15.470961,1000,184.721912
23.319144,1000,189.116208
26.479406,1000,192.934929
19.440921,1000,197.331078
21.525656,1000,201.154741
18.487705,1000,205.552907
24.878831,1000,209.37782
