#{"t_start": 1790536446.1219902, "env_id": "None"}
r,l,t
64.307331,1000,4.233126
59.91001,1000,8.479075
54.741968,1000,13.380149
54.191687,1000,17.616096
40.519283,1000,22.525322
45.659309,1000,26.757725
46.351053,1000,31.661097
59.891712,1000,35.907678
54.448107,1000,40.817752
44.781761,1000,45.054995
50.6374,1000,49.963714
57.408537,1000,54.205185
55.134336,1000,59.112726
48.073225,1000,63.355703
39.41919,1000,68.267083
52.324631,1000,72.507601
48.563285,1000,77.425024
47.103053,1000,81.661748
40.030084,1000,86.565992
51.704907,1000,90.793344
44.653594,1000,95.691264
43.956657,1000,99.927263
46.367622,1000,104.846741
39.784386,1000,109.082581
38.97314,1000,114.005555
46.532504,1000,118.24498
41.831426,1000,123.167489
51.861335,1000,127.392008
48.607429,1000,132.316322
56.808208,1000,136.605588
44.957225,1000,141.529307
44.471613,1000,145.819565
37.754717,1000,150.74919
36.381176,1000,155.017418
43.601092,1000,159.937438
53.214919,1000,164.191373
46.669757,1000,169.165607
36.854707,1000,173.446122
48.810761,1000,178.371989
56.782626,1000,182.605537
47.67058,1000,187.576416
41.528955,1000,191.810997
47.106481,1000,196.053328
42.67798,1000,200.952759
38.174046,1000,205.191601
43.495037,1000,210.102555
49.186147,1000,214.346214
49.31688,1000,219.253219
46.894201,1000,223.504354
41.572605,1000,228.44969
57.319076,1000,232.713467
