strategy,type,adversary_error,distortion,spearman,top3,adversary_error_std,distortion_std,spearman_std,top3_std,defence_ms,prada_delta,prada_detected_at,lambda,mu,seed,history,state_window,mean_action
No Defense,Static Baseline,0.12589037457166585,0.0,1.0,1.0,0.025577733294830957,0.0,0.0,0.0,0.0020540010154945776,,,,,,,,
Top-K (k=3),Static Baseline,0.12444124326251277,0.11776746539194187,0.9411239481143202,1.0,0.021169651403477555,0.009265767569379045,1.1102230246251565e-16,0.0,0.010348999239795376,,,,,,,,
Gaussian Noise (lvl=0.5),Static Baseline,0.14316266768908878,0.772199131607465,0.6688380952380952,0.7359999999999999,0.040706471663838326,0.08168993009329385,0.01663641335844681,0.012304771733250819,0.022292000721790828,,,,,,,,
Precision Reduction (2 dec),Static Baseline,0.12671189427745772,0.004430759813460119,0.9984267764932685,0.9926666666666666,0.025237193790104976,0.0005816594090554164,0.0005833511149643143,0.0005443310539518027,0.008025001079658978,,,,,,,,
Random Subset (p=0.5),Static Baseline,0.18075176358032152,0.5904558617738896,0.4998377700265986,0.5457777777777777,0.09018400251128345,0.021908660552263922,0.05509598117516624,0.005769224438109853,0.009322499863628764,,,,,,,,
PRADA,PRADA,0.21013521363574295,1.4919288702534628,0.19641904761904763,0.6773333333333333,0.13119359768058428,0.0871268328011961,0.019779317629677984,0.019482185594936578,0.396664499930921,0.8037752567763444,"[102, 101, 102]",,,,,,
"RL (λ=2, μ=0.05)",RL Agent,0.19982985403580633,0.17109118266286638,0.8754285714285714,0.9548888888888888,0.11913837744830201,0.20045276820439173,0.1394110527635921,0.048247305304398115,0.3363110008649528,,,2.0,0.05,44.0,none,8.0,0.12629602304597695
"RL (λ=1, μ=0.05)",RL Agent,0.19676109787555848,0.15355919023741668,0.8844571428571429,0.9606666666666666,0.11482834567588131,0.17750071850755636,0.12768133803196396,0.041465737753082495,0.3363410005476908,,,1.0,0.05,42.0,none,8.0,0.11311054648210606
"RL (λ=0, μ=0.05)",RL Agent,0.12589037457166585,0.0,1.0,1.0,0.025577733294830957,0.0,0.0,0.0,0.3364159992997884,,,0.0,0.05,42.0,none,8.0,0.0
"RL (λ=5, μ=0.05)",RL Agent,0.1642866490287137,0.9432911164912992,0.5194285714285715,0.7502222222222222,0.06744377998017635,0.07777351015578896,0.0959744183602685,0.04680086524471875,0.3280255004938226,,,5.0,0.05,44.0,none,8.0,0.45973498396078744
"RL (λ=5, μ=0.05)",RL Agent,0.1347341149858205,0.19840414435184772,0.8692190476190476,0.906,0.023799584801746095,0.0685873752921645,0.054030464237868926,0.042082810777833844,0.33465300020907307,,,5.0,0.05,43.0,none,8.0,0.1508846030731996
"RL (λ=0.5, μ=0.05)",RL Agent,0.19751129039875018,0.15549086549571975,0.8831238095238095,0.9602222222222222,0.1158878411928203,0.1802081662985526,0.12953993176971526,0.04208046378188771,0.3375135001988383,,,0.5,0.05,42.0,none,8.0,0.1144786793589592
"RL (λ=2, μ=0.05)",RL Agent,0.20309603770712734,0.24518977535903871,0.8257904761904763,0.9208888888888889,0.1230971245133974,0.264681528881587,0.18051486355344493,0.06622147650586845,0.33140149935206864,,,2.0,0.05,43.0,none,8.0,0.18882910729448002
"RL (λ=0, μ=0.05)",RL Agent,0.12589037457166585,0.0,1.0,1.0,0.025577733294830957,0.0,0.0,0.0,0.33105149941548007,,,0.0,0.05,43.0,none,8.0,0.0
"RL (λ=1, μ=0.05)",RL Agent,0.20054329644359747,0.1939735709329128,0.8572571428571428,0.9444444444444445,0.12014850715309265,0.23118915495510492,0.1645843116650506,0.061355873474970124,0.33394099955330603,,,1.0,0.05,44.0,none,8.0,0.1477101328050097
"RL (λ=0, μ=0.05)",RL Agent,0.12589037457166585,0.0,1.0,1.0,0.025577733294830957,0.0,0.0,0.0,0.3385404997970909,,,0.0,0.05,44.0,none,8.0,0.0
"RL (λ=5, μ=0.05)",RL Agent,0.20277030587692316,0.5218731943392961,0.673752380952381,0.8495555555555555,0.12388228548459723,0.16526421068765348,0.12878812919761748,0.059916814763119906,0.33638099921518005,,,5.0,0.05,42.0,none,8.0,0.3386929423362017
"RL (λ=0.5, μ=0.05)",RL Agent,0.12589037457166585,0.0,1.0,1.0,0.025577733294830957,0.0,0.0,0.0,0.3315519998068339,,,0.5,0.05,43.0,none,8.0,0.0
"RL (λ=2, μ=0.05)",RL Agent,0.2106129144645433,0.2049607950536493,0.852647619047619,0.9426666666666667,0.13425152662238607,0.24739235279996252,0.17097846518072254,0.06556421788343593,0.3299945001344895,,,2.0,0.05,42.0,none,8.0,0.14750099720433354
"RL (λ=1, μ=0.05)",RL Agent,0.20000869058290927,0.22304780638876517,0.8377142857142857,0.9328888888888889,0.11955694679077158,0.2463428173161543,0.17596454806827067,0.061920697989494386,0.3317419996164972,,,1.0,0.05,43.0,none,8.0,0.17365116724496085
"RL (λ=0.5, μ=0.05)",RL Agent,0.19735702147111908,0.16536385514675553,0.8763809523809524,0.955111111111111,0.1156658084069401,0.19361218781794687,0.13851549059143836,0.048760437312575254,0.33873050051624887,,,0.5,0.05,44.0,none,8.0,0.12403853269293905
"RL (λ=2, μ=0.05)",RL Agent,0.14584857042265228,0.17666586859781672,0.9029714285714285,0.9393333333333334,0.04033578951661606,0.047516607397472155,0.028260248276564395,0.019798989873223396,0.3380290008863085,,,2.0,0.05,44.0,window,8.0,0.10415425569067399
"RL (λ=1, μ=0.05)",RL Agent,0.17076187839263612,0.278161134894003,0.8491428571428571,0.9177777777777778,0.08544264883334135,0.27474546455712656,0.13189228340493886,0.058831418497849695,0.3275794997534831,,,1.0,0.05,42.0,window,8.0,0.1551923771550258
"RL (λ=0, μ=0.05)",RL Agent,0.12589006427575852,0.0004998986995425765,0.9997714285714285,0.9991111111111111,0.02557794638620905,0.0007069635207057845,0.0003232488142567092,0.0012570787221094365,0.3382345003046794,,,0.0,0.05,42.0,window,8.0,0.00037629610300064087
"RL (λ=5, μ=0.05)",RL Agent,0.1944147762083002,1.2337939270575067,0.3891809523809524,0.7237777777777777,0.10513982239233216,0.24550159281790584,0.1410019063572258,0.0635081408216087,0.3351240002302802,,,5.0,0.05,44.0,window,8.0,0.5998689955982069
"RL (λ=5, μ=0.05)",RL Agent,0.1978677311374972,0.38544302003194947,0.7999999999999999,0.9004444444444445,0.11147299500041134,0.2446868321098755,0.1379050565637473,0.057217799181809484,0.3335859992148471,,,5.0,0.05,43.0,window,8.0,0.20221537572921564
"RL (λ=0.5, μ=0.05)",RL Agent,0.1555389327361326,0.12504660206251542,0.9397333333333334,0.966888888888889,0.06599475387507835,0.15840424380183796,0.07552094391969384,0.04035888385687641,0.3354089994900278,,,0.5,0.05,42.0,window,8.0,0.0661692924896876
"RL (λ=2, μ=0.05)",RL Agent,0.18986385402951622,0.4969346161431083,0.7156952380952383,0.8546666666666667,0.09948119178913589,0.07857299723040978,0.0473674725979491,0.02014024899621719,0.3431630002523889,,,2.0,0.05,43.0,window,8.0,0.27473345925410586
"RL (λ=0, μ=0.05)",RL Agent,0.12589113333795768,7.16845229832596e-05,1.0,1.0,0.025578806205254892,0.00010137722461517158,0.0,0.0,0.3381099995749537,,,0.0,0.05,43.0,window,8.0,6.467427810033162e-05
"RL (λ=1, μ=0.05)",RL Agent,0.13358339967278085,0.12274209561219047,0.9309333333333334,0.9491111111111111,0.026223584273698062,0.06712024587860052,0.04272445066712101,0.032232182368665506,0.3440354994381778,,,1.0,0.05,44.0,window,8.0,0.07584166297564904
"RL (λ=0, μ=0.05)",RL Agent,0.12589037457166585,0.0,1.0,1.0,0.025577733294830957,0.0,0.0,0.0,0.3311615000711754,,,0.0,0.05,44.0,window,8.0,0.0
"RL (λ=5, μ=0.05)",RL Agent,0.2012746113377931,0.35854246607957624,0.8160000000000002,0.9146666666666666,0.1300117278282088,0.43731614120690976,0.2269768569820328,0.10141371081239828,0.3397979999135714,,,5.0,0.05,42.0,window,8.0,0.18891967985096078
"RL (λ=0.5, μ=0.05)",RL Agent,0.1381754555643051,0.10431249274637759,0.9425523809523811,0.9593333333333334,0.03435779176112982,0.024589325603309006,0.012662641680591988,0.008128596070298645,0.3328994989715284,,,0.5,0.05,43.0,window,8.0,0.06257969928284486
"RL (λ=2, μ=0.05)",RL Agent,0.18749896573631117,0.3356010066383865,0.8278095238095239,0.9182222222222222,0.10935545595636322,0.38309802844831503,0.19274789333605577,0.07983192220201857,0.339165999321267,,,2.0,0.05,42.0,window,8.0,0.18224639240807544
"RL (λ=1, μ=0.05)",RL Agent,0.17025375446143962,0.4236885557838758,0.762552380952381,0.8653333333333334,0.07217232295151624,0.08170563772031487,0.04902598135756751,0.02355765189833152,0.3403135006010416,,,1.0,0.05,43.0,window,8.0,0.22901277018090088
"RL (λ=0.5, μ=0.05)",RL Agent,0.1282402064556919,0.0208540620188316,0.9881142857142858,0.9904444444444443,0.02579488264150059,0.005331209107269135,0.0027491990175495047,0.0006285393610546921,0.3309109997644555,,,0.5,0.05,44.0,window,8.0,0.0146828323751688
