,,,adversary_error,adversary_error,distortion,distortion,spearman,spearman,top3,top3
,,,mean,std,mean,std,mean,std,mean,std
history,mu,lambda,,,,,,,,
none,0.0,0.1,0.06397499192325655,0.001182071890546891,0.5404987692945055,0.28454986762113454,0.7344107279693485,0.1696208165891903,0.6655555555555556,0.1324241222291019
none,0.0,0.25,0.06375172971568106,0.0005623112799888284,0.4920299921700361,0.28338605169770853,0.7632825396825395,0.16990491189484816,0.6951111111111111,0.15287806809252827
none,0.0,0.5,0.06345740100932636,0.000645357721277544,0.49513920812789136,0.2551410364679959,0.7615503010399561,0.1538329158704229,0.6927407407407408,0.140424459431341
none,0.0,0.75,0.06360032442992429,0.0007113548118905714,0.5033718214697174,0.22805042137436454,0.7559244663382593,0.13682088219529012,0.6910370370370371,0.12648258228467343
none,0.0,1.0,0.06366470015026639,0.0008159660689117344,0.5146670655874092,0.24267707278451897,0.7442303229337711,0.14529673838555665,0.6893333333333334,0.12527441483537521
none,0.0,1.5,0.06350736748874085,0.0011354633754539869,0.5090028268540662,0.23004149123322157,0.7564430213464695,0.1366536706323659,0.6819259259259259,0.1185709837578335
none,0.0,2.0,0.06324652374899059,0.001425948583412925,0.49703946962270934,0.23151618459348117,0.7669660645867541,0.14028430364067615,0.6848148148148149,0.11539012374738239
none,0.0,3.0,0.0633759811250154,0.0007586072297409913,0.4749405934230675,0.25300540322461634,0.7802978653530376,0.14843493780613481,0.6931851851851851,0.13355210447257473
none,0.0,5.0,0.063258097875539,0.0009677727942691243,0.48119630508542977,0.2833210760800035,0.7777490968801312,0.1635749515605264,0.6936296296296295,0.14110609498229432
none,0.01,0.0,0.06269712522097119,0.0,0.0,0.0,0.9999999999999997,0.0,1.0,0.0
none,0.01,0.1,0.06306793312393398,0.0003245706410005803,0.09899977278013129,0.11097481124849821,0.9589261083743841,0.04436383195665084,0.9328888888888889,0.0854446611758557
none,0.01,0.25,0.06303958992615644,0.0005359744672519419,0.15698385397228135,0.12825846197955407,0.9294967706622878,0.06420176194304657,0.8953333333333333,0.09395270677905515
none,0.01,0.5,0.062949450479246,0.0008313386032869696,0.2600121258329096,0.18529189573882296,0.8735633278598794,0.10182138912779597,0.8334814814814816,0.1246144341625242
none,0.01,0.75,0.06321859807024081,0.0008639239212948058,0.32333430383203204,0.21389798249033803,0.8437453749315816,0.12022683808709807,0.7962962962962963,0.13215952450616444
none,0.01,1.0,0.06342151177260888,0.0009745581826828002,0.37100101168913996,0.20708001801037734,0.8226743295019157,0.11865492738693453,0.7654074074074074,0.12179365941316905
none,0.01,1.5,0.06331506473708769,0.0011686204599747753,0.40448738768742404,0.23267691786995084,0.8088616310892172,0.13937941757771663,0.7457037037037036,0.12409958831088057
none,0.01,2.0,0.06350545101416855,0.001013386934840637,0.4306759996910066,0.21763095066116694,0.7994120415982483,0.13117958034639848,0.726962962962963,0.10730396040079537
none,0.01,3.0,0.06358222048704783,0.0005768034170301878,0.42278210070548744,0.23359444605670082,0.8066992884510125,0.13734812662527124,0.7284444444444444,0.12374725336769857
none,0.01,5.0,0.06339715932063929,0.0007717499207003561,0.45585224937269775,0.2739711984029104,0.7898124794745484,0.15836752545677543,0.709037037037037,0.14280251983344647
none,0.05,0.0,0.06269712522097119,0.0,0.0,0.0,0.9999999999999997,0.0,1.0,0.0
none,0.05,0.1,0.06277024196101787,0.00011196740837237692,0.009704398914463997,0.011501306667787842,0.9966382047071699,0.004679595032782969,0.9929629629629629,0.007307474047489582
none,0.05,0.25,0.0629221662342767,0.0004453855266743674,0.02680188598809276,0.02513072075336503,0.988918226600985,0.013910757794103636,0.9848148148148148,0.009559000240438787
none,0.05,0.5,0.06287707583946026,0.0005153217738163381,0.04793828432685852,0.03602547696955975,0.9825244663382593,0.013927804697100928,0.9687407407407407,0.026880929339215917
none,0.05,0.75,0.06287608964583526,0.0007349705923373618,0.0908094892531293,0.06855694455954224,0.9622972085385877,0.030209756945694385,0.9378518518518518,0.05474535138203408
none,0.05,1.0,0.06287124078437653,0.0007342210213261337,0.11971303506609511,0.09930522998403848,0.9480615216201422,0.048866283917364146,0.9204444444444445,0.07260785931679778
none,0.05,1.5,0.06309922186908766,0.00038242066592092405,0.16123583235438102,0.12007965792808026,0.9289648604269293,0.0600862615478239,0.8912592592592592,0.08954654857748516
none,0.05,2.0,0.06317668072493339,0.0003748968834770215,0.19914926697675442,0.162100638492416,0.9109795292829775,0.08556505239852745,0.8708148148148148,0.10542081068319901
none,0.05,3.0,0.0631974079388597,0.0005960114220177749,0.2523708609753436,0.22108770811077982,0.8856571428571427,0.1243239758045473,0.8362222222222222,0.13448172118668514
none,0.05,5.0,0.06325696256254239,0.0006646171672981184,0.32474494806046894,0.23166817270941967,0.8550333880678708,0.13391515524951544,0.7865925925925925,0.13838759905431
none,0.1,0.0,0.06269712522097119,0.0,0.0,0.0,0.9999999999999997,0.0,1.0,0.0
none,0.1,0.1,0.06269712610188105,1.5257806255734643e-09,1.010230833403789e-05,1.749771130828013e-05,0.9999995621236998,7.584239988324486e-07,1.0,0.0
none,0.1,0.25,0.06276530417276117,6.365964889885341e-05,0.007466499526538963,0.006868970707303207,0.9977166940339353,0.0025148392257169343,0.9945925925925926,0.004556007204350189
none,0.1,0.5,0.06283661884132197,0.0004049928876091027,0.02114322595817446,0.02222027352155923,0.9911196496989599,0.01225608400028101,0.987111111111111,0.010416037018007005
none,0.1,0.75,0.06281308327112266,0.000631034124516064,0.033491084076479126,0.027508012384138886,0.9861649698960041,0.01379057418882917,0.9812592592592592,0.013637879950612846
none,0.1,1.0,0.06277545996754201,0.0006907735692869313,0.0440702060748856,0.03453770869953214,0.9809691297208537,0.015821785780444932,0.9736296296296296,0.02181553793682961
none,0.1,1.5,0.06283466626718255,0.000725024146109975,0.061322095728911154,0.043880681231789447,0.9736132457580732,0.01992939922294605,0.9597777777777777,0.033779970689050094
none,0.1,2.0,0.06300569009583527,0.00045400247998572007,0.08375480585401703,0.06577800125599394,0.9646245210727967,0.028910006712131,0.9459259259259257,0.05037848518511972
none,0.1,3.0,0.06315321105662537,0.00031528460524399987,0.13136113354508586,0.11854009955640345,0.9458861521620142,0.052280168570589716,0.9124444444444445,0.08897218319630039
none,0.1,5.0,0.06307263080358923,0.0003774593626649579,0.205959646077585,0.1820607084989891,0.9102824302134646,0.09651811298007287,0.8597037037037037,0.12148897899176246
none,0.2,0.0,0.06269712522097119,0.0,0.0,0.0,0.9999999999999997,0.0,1.0,0.0
none,0.2,0.1,0.06269712522097119,0.0,0.0,0.0,0.9999999999999997,0.0,1.0,0.0
none,0.2,0.25,0.06270294677372769,1.2908255047001594e-05,0.000984650939780926,0.0008470815603153957,0.9998738916256156,0.00010985111223452087,0.9994074074074074,0.0005592469952052649
none,0.2,0.5,0.06275707330429711,9.61067883135037e-05,0.0063998097755934265,0.0098274077644903,0.9978190476190473,0.0035936807634694232,0.9953333333333333,0.0066034035369349365
none,0.2,0.75,0.06280205691659707,0.0002870324950152984,0.016109903798967103,0.01807895904956547,0.9935463601532565,0.00902151359072933,0.9893333333333333,0.010557309795750761
none,0.2,1.0,0.06276038360635232,0.00036413938353134864,0.018722374904866532,0.01944424998220981,0.9924271483305964,0.009747725044209257,0.9880740740740741,0.010669752640018225
none,0.2,1.5,0.0628486073165138,0.00047707663076462884,0.02490293464397512,0.024441275496686475,0.9893125342090858,0.012665655845318952,0.9854074074074074,0.012614577758151937
none,0.2,2.0,0.06268185934158471,0.0005986967185871668,0.03182601444696159,0.02677378650583777,0.9860757525998903,0.012009296063852353,0.9791851851851852,0.018162956921030923
none,0.2,3.0,0.06278093292714763,0.0006589284967075347,0.05184896632650293,0.04233774495139486,0.9774319649698958,0.018581898428823452,0.9677777777777777,0.030407926192172995
none,0.2,5.0,0.06311499008197954,0.0002740373265618092,0.10404472922203072,0.10220751929332476,0.9570776135741652,0.04287186650723096,0.9336296296296296,0.07409181269086978
none,0.5,0.0,0.06269712522097119,0.0,0.0,0.0,0.9999999999999997,0.0,1.0,0.0
none,0.5,0.1,0.06269712522097119,0.0,0.0,0.0,0.9999999999999997,0.0,1.0,0.0
none,0.5,0.25,0.06269712522097119,0.0,0.0,0.0,0.9999999999999997,0.0,1.0,0.0
none,0.5,0.5,0.06269712522097119,0.0,0.0,0.0,0.9999999999999997,0.0,1.0,0.0
none,0.5,0.75,0.06269936801412097,3.884631686288968e-06,0.00016941269178479966,0.00029343138961827956,0.9999839080459768,2.7872081960786174e-05,0.9998518518518519,0.0002566001196398001
none,0.5,1.0,0.06270437333708483,1.255410536795567e-05,0.0025115571333611942,0.004350144561093631,0.9993470169677062,0.0011309997884124214,0.9980000000000001,0.0034641016151376936
none,0.5,1.5,0.06271349699278353,2.9586893836278248e-05,0.0029059933933211495,0.004816973768104926,0.9992180623973725,0.0013367610659372577,0.9977037037037038,0.003977301854417398
none,0.5,2.0,0.0627378741464213,0.0001269438980006838,0.0077330145486449245,0.008824935068756572,0.9976113847837983,0.0033568059531084104,0.9942962962962962,0.006151716947257688
none,0.5,3.0,0.06271427960318547,0.00026960984640764533,0.013924233162299378,0.011963741170287963,0.9955556650246304,0.004346224259105486,0.9905925925925926,0.008031829683567936
none,0.5,5.0,0.06276022254356654,0.000329979768968469,0.023856760827270545,0.02060492466030724,0.9913773399014776,0.00785054789599449,0.9835555555555556,0.014678446447885985
window,0.0,0.1,0.06502311426398101,0.0013086510568286523,0.49061791536580573,0.09666754309463783,0.748510782703886,0.04970766922248863,0.7175555555555556,0.05771492307609023
window,0.0,0.25,0.06405123791489235,0.0004664904182460124,0.37148374605926787,0.14204903224136312,0.8122029556650245,0.0736695442580016,0.7806666666666667,0.08369609929403542
window,0.0,0.5,0.0638284784772926,0.0008786978600277582,0.3337224688173972,0.05539424133374132,0.8345452654625066,0.03055876952857672,0.796962962962963,0.0424882457722907
window,0.0,0.75,0.06383164200365578,0.0013003315360094008,0.3738913315109284,0.023989767172567525,0.8150430213464693,0.014065136273065826,0.7744444444444444,0.020400919853384002
window,0.0,1.0,0.06351476402931909,0.0014151746596419434,0.4042253826333446,0.04764806087759469,0.7969361795292828,0.03163076098889086,0.7622962962962964,0.0364690522161919
window,0.0,1.5,0.06411253310847927,0.0007003956164017772,0.408533146609894,0.08545284208306463,0.7952489326765187,0.05211298786790402,0.760962962962963,0.0590184458854392
window,0.0,2.0,0.06430242933981217,0.0009459821668216067,0.42997566290944306,0.09219781337738801,0.7828039408866995,0.05697769397033238,0.7458518518518519,0.06298905777337001
window,0.0,3.0,0.06335364708148801,0.0011286137878940073,0.43808870510660386,0.09907920931585719,0.7791310344827586,0.05574266776620164,0.7417037037037036,0.06384098042709714
window,0.0,5.0,0.06359006575130736,0.0005888608314188186,0.38471908599461896,0.09246717932786215,0.8095577449370551,0.049791364840788145,0.7673333333333333,0.06604637353246678
window,0.01,0.0,0.06318906868446612,0.0003948940906900368,0.08831967476946623,0.005695484496851933,0.9642896551724137,0.001135861371549731,0.9421481481481481,0.004752300720694934
window,0.01,0.1,0.0634586704826173,0.0005876574705942513,0.289156350193447,0.07802746179342551,0.8572342638204707,0.04611623086282271,0.8228148148148149,0.04616253268472506
window,0.01,0.25,0.06371396749286799,0.0002948308852975051,0.2759386805133747,0.09846470793844753,0.8658001094690748,0.0481105862390354,0.8315555555555555,0.06522023468484055
window,0.01,0.5,0.06301373302577874,0.0005876489368977526,0.31305841556440656,0.03128928839734061,0.8438463054187192,0.01805400659262966,0.8049629629629629,0.02774249611219184
window,0.01,0.75,0.06385759236490864,0.001055020693005883,0.3524885942031504,0.04156063451625576,0.826574822112753,0.02505280376772491,0.786888888888889,0.03895359695906633
window,0.01,1.0,0.063838982388911,0.0009609081866268093,0.38438582916691044,0.038344768223587025,0.8077214012041597,0.027932060211037946,0.7720000000000001,0.03489738042452218
window,0.01,1.5,0.0643029411847822,0.0005650865221153493,0.40618510908537964,0.033570860247796125,0.7953203065134099,0.02062535048518123,0.7614814814814815,0.030827543667306292
window,0.01,2.0,0.06423913763042,0.0009558355855667968,0.3995660948320808,0.09638596528703793,0.799278708264915,0.058902128905171415,0.7639999999999999,0.06339645976796432
window,0.01,3.0,0.06383236265458529,0.0009368294827581744,0.4209373764426088,0.08416274825332914,0.7870556102900929,0.04794863927427152,0.7494074074074074,0.05590173624518588
window,0.01,5.0,0.0637419638019774,0.0005477958082788889,0.3717973586384591,0.10105103845191313,0.8167841269841268,0.0551459254826383,0.7736296296296296,0.06935695229229524
window,0.05,0.0,0.0633883437007705,0.00017569710535693083,0.06519400447318553,0.036032923647473195,0.9739956212370005,0.016704827017708406,0.9565925925925925,0.020931792032586997
window,0.05,0.1,0.0631949672439396,0.00017810855288224127,0.11425837551570496,0.04872909300668267,0.9499568691844553,0.024014210418296274,0.9258518518518519,0.03172904836719913
window,0.05,0.25,0.06313298132905558,0.0013947882360111023,0.1625299787260491,0.01809819927914461,0.9275250136836343,0.00909348210816873,0.8958518518518518,0.01998064907475618
window,0.05,0.5,0.06286817309575891,0.0004405000723579784,0.18697483068698917,0.05868055255580082,0.9125775588396277,0.030171878516451353,0.8806666666666666,0.04311282928993076
window,0.05,0.75,0.06294816668870297,0.0006847533981038813,0.2267356188272579,0.010387040642410809,0.8906653530377667,0.010018665101507944,0.8541481481481482,0.014188037620567286
window,0.05,1.0,0.06332841649291647,0.0008453058483411704,0.29670331924154875,0.044474797988181616,0.855479146141215,0.02886752827116185,0.8174814814814814,0.037381142227581564
window,0.05,1.5,0.06413220647291185,0.0005889258175119256,0.36457392146413753,0.09899006084977313,0.8203072796934864,0.058854340838704486,0.7785925925925925,0.06450967324662886
window,0.05,2.0,0.06404495403416828,0.0008223899595570499,0.3821339747862898,0.10525587800522614,0.8116429118773945,0.06215976830187067,0.7691851851851852,0.07125725722913365
window,0.05,3.0,0.06381825472891085,0.0008835896660567724,0.3895519838811609,0.11848501914085402,0.8046167487684728,0.06513999570127095,0.7637037037037038,0.07397441444019376
window,0.05,5.0,0.06356099181025716,0.00020909207759513718,0.3713815501285655,0.130478510241926,0.817431855500821,0.07148921488698752,0.7753333333333332,0.08322422486835353
window,0.1,0.0,0.0631759512388493,0.00027207344791301365,0.04778981355604669,0.029399803678704945,0.9802576902025177,0.01319184695197699,0.9657777777777777,0.01708078120051167
window,0.1,0.1,0.06295114741597567,0.00011031720505241631,0.057172522398923155,0.042491156400080346,0.976102900930487,0.019678298240452318,0.9611851851851853,0.024223581341414356
window,0.1,0.25,0.06287254701729354,0.00010510306665197506,0.08701944690150117,0.05490964899854547,0.9627510673234809,0.024222111809691416,0.9413333333333332,0.03741525403585951
window,0.1,0.5,0.06268341214555818,0.0010149187526200334,0.14826570273094228,0.03159577771079971,0.9345328954570333,0.015359387169401743,0.9023703703703704,0.011895290765123382
window,0.1,0.75,0.06321608779262454,0.0004837988340330316,0.17907851122876625,0.012201749122903706,0.9175619047619046,0.007426306430890917,0.8831111111111111,0.012018504251546692
window,0.1,1.0,0.0628967000858106,0.0005009467300689122,0.18702248493472637,0.015816455805699983,0.9125481116584563,0.006792748009799097,0.876,0.018675923630621018
window,0.1,1.5,0.06302565729198746,0.0004915647574034211,0.23836654541145497,0.010800494136470027,0.8892195949644224,0.008278481232094636,0.8488888888888889,0.019357583769229025
window,0.1,2.0,0.06365175616234102,0.00032745047357342214,0.30208604888127993,0.0841518637678218,0.8551689107827039,0.04782089122274278,0.8156296296296296,0.053610544997970716
window,0.1,3.0,0.06376850310698966,0.0006178630559806255,0.3584068620492667,0.0782425318508659,0.8248185002736724,0.04560687308499412,0.7811851851851852,0.05327651294215608
window,0.1,5.0,0.06342928605532937,0.00030764076830521136,0.34703114226337434,0.09300602688899699,0.8288494800218937,0.04900305690074151,0.7851851851851852,0.06400668689346603
window,0.2,0.0,0.0631815273381205,0.00017574350189060147,0.05900135305855853,0.05605898386876575,0.9755874110563765,0.026100565911737258,0.9580000000000001,0.0390713181404796
window,0.2,0.1,0.06289638372613954,4.460822834335721e-05,0.04913621414021622,0.03043477504607249,0.9809013683634372,0.013424190530732934,0.9657037037037037,0.018486342417229934
window,0.2,0.25,0.06305650148709764,0.00018694736495714228,0.0569201029327841,0.010777367565320977,0.9776785987958401,0.0047491618336599015,0.9571111111111111,0.006931766204658807
window,0.2,0.5,0.06288539724525231,0.00026971796712323755,0.053867922948565065,0.010969089228662084,0.9797611384783798,0.003334279761348867,0.9614074074074074,0.008025678951574527
window,0.2,0.75,0.06286766957194954,0.0005876834978687343,0.08364705798292109,0.016816006213802494,0.964438314176245,0.00822762980783342,0.9449629629629629,0.00787662061187261
window,0.2,1.0,0.06327897042543608,0.0007768327262914057,0.10704786051797777,0.044734078207078455,0.9547435139573069,0.021365949298113127,0.9295555555555555,0.016516359267610758
window,0.2,1.5,0.06348494646956558,0.0007387088394887229,0.12988539244479222,0.04025328104796547,0.941743623426382,0.019811046342984716,0.9172592592592593,0.015463750257180893
window,0.2,2.0,0.06318322820150836,0.0007576824940401849,0.1904165966315128,0.017909408250688652,0.9114050355774492,0.010247334809630422,0.878,0.010631887745694008
window,0.2,3.0,0.06328526184365361,0.0002936502375035224,0.22589386304080417,0.007636337580114931,0.8941978106185001,0.00298480655469629,0.8568148148148147,0.0041116115811490085
window,0.2,5.0,0.06370079559063997,0.00021906358806071517,0.3070640367970583,0.029371897440821016,0.8537027914614121,0.01591353939528101,0.8054074074074075,0.027788738578236095
window,0.5,0.0,0.06286423980078072,0.00015361785835134415,0.03207192158701308,0.0319494783499609,0.987526655719759,0.013714969034894702,0.9753333333333333,0.023821351559545366
window,0.5,0.1,0.06288718425313625,0.00026226454239273653,0.030295922779287804,0.015896388633104167,0.9889892720306511,0.006656775746789827,0.9771851851851853,0.011036042709374133
window,0.5,0.25,0.06291804994935961,0.0001325151738144547,0.03371929632511742,0.008398900240430888,0.9877239189928844,0.003821170215266696,0.9748148148148149,0.007070485807023819
window,0.5,0.5,0.06309617171140107,0.00026734918866406967,0.035920955569089294,0.021611917804585743,0.9867899288451012,0.009016331457806006,0.9746666666666667,0.013653561919382705
window,0.5,0.75,0.06310912049198049,0.0004767150052557389,0.041596242454485025,0.023155747155345324,0.9843437328954568,0.009143176062311782,0.9693333333333333,0.015378355801596445
window,0.5,1.0,0.0629625763344251,0.0005164909069905991,0.04347887860942595,0.03339819676004452,0.9836185002736726,0.013535740254175579,0.9696296296296296,0.02046416118496229
window,0.5,1.5,0.06299633474289017,0.0001303352799264102,0.06222667148483144,0.048297936645980366,0.9758114942528735,0.019571490825149786,0.9576296296296296,0.030971379327510797
window,0.5,2.0,0.06341480860949757,3.571024835186867e-05,0.10507463977592986,0.07605487255330759,0.9554024083196495,0.03491018676890671,0.9305185185185184,0.046018961917530056
window,0.5,3.0,0.06327689077744932,0.0008680318978262092,0.11600521137752125,0.06217692816159187,0.949455281882868,0.03026254401383298,0.9253333333333332,0.03353347323437425
window,0.5,5.0,0.06327354757435377,0.0009890453370515948,0.1616286013717684,0.015951951127367765,0.9302516694033934,0.004869425349077285,0.8984444444444444,0.005966987369821045
