#{"t_start": 1790503176.569264, "env_id": "None"}
r,l,t
-359.395233,1000,4.109082
-350.286619,1000,8.137752
-288.331823,1000,12.781246
-342.903949,1000,16.814154
-231.754445,1000,21.453752
-265.205357,1000,25.480743
-191.053393,1000,30.119004
-222.521694,1000,34.144989
-143.996503,1000,38.788311
-150.112257,1000,42.818556
-143.071263,1000,47.455864
-93.355645,1000,51.49028
-108.750551,1000,56.123949
-94.626919,1000,60.151153
-79.163656,1000,64.780721
-61.295973,1000,68.801305
-70.838624,1000,73.432841
-54.543977,1000,77.454215
-32.731162,1000,82.07708
-38.719614,1000,86.093038
-27.78426,1000,90.717655
-32.409969,1000,94.739709
-21.822662,1000,99.361441
-10.909617,1000,103.383436
-18.753807,1000,108.012924
-16.568348,1000,112.034764
-20.251397,1000,117.060711
-1.922941,1000,121.914343
2.251229,1000,126.548857
-3.806982,1000,130.575893
-1.539793,1000,135.218062
3.219908,1000,139.656576
-13.809162,1000,144.727512
-0.331942,1000,149.07271
-4.564493,1000,154.668361
2.788818,1000,159.27368
4.864367,1000,164.153843
6.231523,1000,168.739082
6.349434,1000,173.34857
7.803841,1000,177.363623
8.271193,1000,181.990489
9.751963,1000,186.008583
9.376826,1000,190.019808
9.17734,1000,194.627108
8.54976,1000,198.638868
14.70087,1000,203.247163
11.10486,1000,207.261156
12.921518,1000,211.874237
13.412831,1000,215.888663
11.258123,1000,220.502337
10.728841,1000,224.514622
