strategy,type,adversary_error,distortion,spearman,top3,adversary_error_std,distortion_std,spearman_std,top3_std,prada_delta,prada_detected_at,lambda,mu,seed,history,state_window,mean_action
No Defense,Static Baseline,0.23448752126068717,0.0,1.0,1.0,0.0067171326279930966,0.0,0.0,0.0,,,,,,,,
Top-K (k=3),Static Baseline,0.24380765099749213,0.14741612297566725,0.9411239481143202,1.0,0.01027958483510015,0.002677849162563848,1.1102230246251565e-16,0.0,,,,,,,,
Gaussian Noise (lvl=0.5),Static Baseline,0.2520505531145297,1.0687544590173166,0.590057142857143,0.721111111111111,0.007088942520321769,0.05632095244045315,0.026651043042216844,0.007742778395637508,,,,,,,,
Precision Reduction (2 dec),Static Baseline,0.23427193309707908,0.006202246313736848,0.9981837490914082,0.9948888888888888,0.006557029447115556,8.936382864709936e-05,0.00012440318177535286,0.0008314794192830955,,,,,,,,
Random Subset (p=0.5),Static Baseline,0.2758232855378728,0.5882732037292285,0.5575061702734135,0.5471111111111112,0.014245369732669029,0.01179799375284239,0.000724493275731434,0.005717635702341608,,,,,,,,
PRADA,PRADA,0.23448752126068717,0.0,1.0,1.0,0.0067171326279930966,0.0,0.0,0.0,0.8037752567763444,"[None, None, None]",,,,,,
"RL (λ=1.5, μ=0.1)",RL Agent,0.2501711378753815,0.046252974029267445,0.9681904761904762,0.9844444444444443,0.009488701979919804,0.006968126302383246,0.004483277065119957,0.002685121327465373,,,1.5,0.1,43.0,none,8.0,0.03615257761379083
"RL (λ=2, μ=0.5)",RL Agent,0.23448752126068717,0.0,1.0,1.0,0.0067171326279930966,0.0,0.0,0.0,,,2.0,0.5,43.0,none,8.0,0.0
"RL (λ=5, μ=0.5)",RL Agent,0.24074853122920167,0.024211586186402723,0.9868190476190476,0.9864444444444443,0.008015866061419057,0.003172591773842329,0.0005701573160798254,0.0008314794192830857,,,5.0,0.5,42.0,none,8.0,0.020424687350789707
"RL (λ=5, μ=0.1)",RL Agent,0.2660307422938581,0.3745453147613134,0.8070857142857144,0.8879999999999999,0.009478308773968117,0.023955249785508316,0.01665672628736645,0.010385174618264832,,,5.0,0.1,42.0,none,8.0,0.17021263087975483
"RL (λ=0.5, μ=0.1)",RL Agent,0.2352983151163687,0.004208394243085182,0.9976380952380953,0.9964444444444444,0.006797245734449019,0.0007743415789787265,0.0002348348191607142,0.0006285393610546921,,,0.5,0.1,42.0,none,8.0,0.003728354170918465
"RL (λ=0.5, μ=0.5)",RL Agent,0.23448752126068717,0.0,1.0,1.0,0.0067171326279930966,0.0,0.0,0.0,,,0.5,0.5,43.0,none,8.0,0.0
"RL (λ=0.1, μ=0.1)",RL Agent,0.23491415194936024,0.0004907798956058576,0.9999238095238095,1.0,0.006737078754665048,0.0002739729278820885,0.00010774960475220151,0.0,,,0.1,0.1,44.0,none,8.0,0.0005140172690153122
"RL (λ=0.75, μ=0.5)",RL Agent,0.23448752126068717,0.0,1.0,1.0,0.0067171326279930966,0.0,0.0,0.0,,,0.75,0.5,44.0,none,8.0,0.0
"RL (λ=0, μ=0.5)",RL Agent,0.23448752126068717,0.0,1.0,1.0,0.0067171326279930966,0.0,0.0,0.0,,,0.0,0.5,43.0,none,8.0,0.0
"RL (λ=1.5, μ=0.5)",RL Agent,0.23433895320769058,0.00043843431552110303,0.9998095238095238,0.9993333333333334,0.006821368148142439,7.115738299376612e-05,5.3874802376126925e-05,0.0005443310539518027,,,1.5,0.5,44.0,none,8.0,0.0004112855891386668
"RL (λ=0.1, μ=0.05)",RL Agent,0.23448752126068717,0.0,1.0,1.0,0.0067171326279930966,0.0,0.0,0.0,,,0.1,0.05,43.0,none,8.0,0.0
"RL (λ=2, μ=0.05)",RL Agent,0.28855530360439524,0.2119207711025418,0.8610285714285716,0.9217777777777778,0.01531989750159762,0.010806046872199326,0.006032294043609931,0.005144816401240116,,,2.0,0.05,44.0,none,8.0,0.1392913564890623
"RL (λ=2, μ=0.01)",RL Agent,0.28757937573436443,0.5377073615726781,0.7117714285714286,0.8368888888888888,0.01062411647123213,0.039557316244333604,0.033053804827968665,0.010958958227500384,,,2.0,0.01,43.0,none,8.0,0.2488608279824257
"RL (λ=1.5, μ=0.05)",RL Agent,0.2544197388575309,0.06006642836787058,0.9599238095238096,0.9782222222222222,0.01098104726715765,0.006771835723499843,0.00395273664492427,0.0015713484026367562,,,1.5,0.05,43.0,none,8.0,0.048651875378564
"RL (λ=0.1, μ=0.01)",RL Agent,0.2757912045899695,0.09208803990895985,0.9283809523809524,0.9666666666666667,0.013035946882626895,0.007893843780288394,0.0007936253964190129,0.0039252270517012985,,,0.1,0.01,44.0,none,8.0,0.08000450356801352
"RL (λ=1.5, μ=0.05)",RL Agent,0.2894336407359128,0.13413754343957537,0.8978285714285713,0.9502222222222222,0.011892618565927477,0.009260520076315747,0.003007835572289763,0.0033259176771324016,,,1.5,0.05,44.0,none,8.0,0.10823281900274256
"RL (λ=0.1, μ=0.1)",RL Agent,0.23448752126068717,0.0,1.0,1.0,0.0067171326279930966,0.0,0.0,0.0,,,0.1,0.1,42.0,none,8.0,0.0
"RL (λ=0.25, μ=0.1)",RL Agent,0.23448752126068717,0.0,1.0,1.0,0.0067171326279930966,0.0,0.0,0.0,,,0.25,0.1,42.0,none,8.0,0.0
"RL (λ=5, μ=0.01)",RL Agent,0.2690891257365749,0.5327213734436348,0.7292952380952382,0.8455555555555555,0.009585386827666497,0.028245219579118613,0.021225031215839834,0.005144816401240116,,,5.0,0.01,42.0,none,8.0,0.2234098326166471
"RL (λ=3, μ=0.5)",RL Agent,0.23532918002299183,0.00739725012154429,0.9955809523809523,0.9957777777777777,0.006659621516125013,0.002558471958355715,0.00123207326695598,0.0011331154474650764,,,3.0,0.5,42.0,none,8.0,0.005750690087676048
"RL (λ=5, μ=0.5)",RL Agent,0.2438986134682859,0.023325387954840588,0.9844952380952381,0.9875555555555554,0.0075595197783162186,0.002374239259301211,0.0011815666605158814,0.001662958838566201,,,5.0,0.5,43.0,none,8.0,0.020039242940644422
"RL (λ=0, μ=0.1)",RL Agent,0.23448752126068717,0.0,1.0,1.0,0.0067171326279930966,0.0,0.0,0.0,,,0.0,0.1,42.0,none,8.0,0.0
"RL (λ=5, μ=0.5)",RL Agent,0.2479762973310581,0.048224644760592156,0.9708190476190476,0.9813333333333333,0.010097346003075915,0.005494438966203543,0.0020064295744401553,0.0019626135258506553,,,5.0,0.5,44.0,none,8.0,0.04004641447216272
"RL (λ=3, μ=0.05)",RL Agent,0.2706632117746352,0.4453672007256149,0.7734095238095239,0.8628888888888889,0.009219054854530409,0.025164617825354025,0.021297112107677516,0.012380789579719212,,,3.0,0.05,42.0,none,8.0,0.19881534344454607
"RL (λ=2, μ=0.1)",RL Agent,0.2825114915620699,0.10958824495523699,0.9138285714285715,0.9588888888888888,0.011073618707533145,0.008686028059122409,0.002772851868202343,0.002199887763691467,,,2.0,0.1,44.0,none,8.0,0.09378887107471626
"RL (λ=0.5, μ=0.01)",RL Agent,0.2933935248278012,0.2567517871399375,0.8334857142857143,0.9097777777777778,0.013279924592633302,0.004110439692805892,0.004064245961810778,0.005230489909306556,,,0.5,0.01,42.0,none,8.0,0.1560288234166801
"RL (λ=1, μ=0.05)",RL Agent,0.2755137815223052,0.08748106628076635,0.9276952380952381,0.9657777777777777,0.012301282123328523,0.0064115041338691815,0.004839144992975385,0.0027397395568750814,,,1.0,0.05,42.0,none,8.0,0.07776200867940983
"RL (λ=0.1, μ=0.1)",RL Agent,0.23448752126068717,0.0,1.0,1.0,0.0067171326279930966,0.0,0.0,0.0,,,0.1,0.1,43.0,none,8.0,0.0
"RL (λ=5, μ=0.1)",RL Agent,0.2515987529526435,0.3179269478005025,0.8411428571428572,0.8902222222222221,0.008584776914315004,0.005049943264574746,0.010907352572281441,0.004433319409613304,,,5.0,0.1,44.0,none,8.0,0.13280300144540766
"RL (λ=0, μ=0.05)",RL Agent,0.23448752126068717,0.0,1.0,1.0,0.0067171326279930966,0.0,0.0,0.0,,,0.0,0.05,42.0,none,8.0,0.0
"RL (λ=5, μ=0.05)",RL Agent,0.257222989117264,0.4557326825229355,0.7728,0.8546666666666667,0.005489978365440938,0.018770987035943362,0.01769793408136389,0.0023726840560070192,,,5.0,0.05,44.0,none,8.0,0.18269165125861764
"RL (λ=5, μ=0.05)",RL Agent,0.25177885470041067,0.25133128448859665,0.8707428571428572,0.8977777777777778,0.005451195159419461,0.006675921678218573,0.011012225735347778,0.005057691856329429,,,5.0,0.05,43.0,none,8.0,0.12075569276635846
"RL (λ=0.5, μ=0.05)",RL Agent,0.2558528420009205,0.051292210514791804,0.9616000000000001,0.9771111111111112,0.010773144413236974,0.0034862179685353593,0.002134013497015063,0.0016629588385661514,,,0.5,0.05,42.0,none,8.0,0.04697182550529639
"RL (λ=2, μ=0.01)",RL Agent,0.29458542017540673,0.6484204763524893,0.6493714285714286,0.7948888888888889,0.016404077530447467,0.018143799669368747,0.013622869926488076,0.00818912256563924,,,2.0,0.01,42.0,none,8.0,0.29576824576904376
"RL (λ=1, μ=0.01)",RL Agent,0.274359421885169,0.3651833088574614,0.8023619047619048,0.8728888888888889,0.011002967338599588,0.025829570075094465,0.01979867834980642,0.012988123729957682,,,1.0,0.01,43.0,none,8.0,0.17849975986778735
"RL (λ=0, μ=0.5)",RL Agent,0.23448752126068717,0.0,1.0,1.0,0.0067171326279930966,0.0,0.0,0.0,,,0.0,0.5,44.0,none,8.0,0.0
"RL (λ=2, μ=0.05)",RL Agent,0.26339981084156067,0.11239758500736123,0.9288761904761905,0.9546666666666667,0.010739375803329131,0.005994874219482189,0.004048504104916807,0.00392522705170126,,,2.0,0.05,43.0,none,8.0,0.08177939064055681
"RL (λ=0, μ=0.01)",RL Agent,0.23448752126068717,0.0,1.0,1.0,0.0067171326279930966,0.0,0.0,0.0,,,0.0,0.01,42.0,none,8.0,0.0
"RL (λ=5, μ=0.01)",RL Agent,0.25943977663166584,0.3477234489481304,0.814857142857143,0.8684444444444445,0.008527490540415988,0.007647232249099218,0.008659107116465361,0.005871042139387946,,,5.0,0.01,43.0,none,8.0,0.16676085109263658
"RL (λ=0.25, μ=0.5)",RL Agent,0.23448752126068717,0.0,1.0,1.0,0.0067171326279930966,0.0,0.0,0.0,,,0.25,0.5,42.0,none,8.0,0.0
"RL (λ=1, μ=0.01)",RL Agent,0.2980867800236287,0.45248339752977246,0.7321142857142857,0.8544444444444445,0.016387518826437936,0.0010007704496351802,0.004540850110705119,0.010100727268767547,,,1.0,0.01,42.0,none,8.0,0.22524646537130077
"RL (λ=0.5, μ=0.5)",RL Agent,0.23448752126068717,0.0,1.0,1.0,0.0067171326279930966,0.0,0.0,0.0,,,0.5,0.5,44.0,none,8.0,0.0
"RL (λ=0.25, μ=0.01)",RL Agent,0.2511699883180139,0.04879403941281781,0.9645333333333334,0.9842222222222222,0.010123319739465052,0.006755535810323275,0.004165118079572346,0.0021998877636913773,,,0.25,0.01,43.0,none,8.0,0.03826594037810961
"RL (λ=0, μ=0.1)",RL Agent,0.23448752126068717,0.0,1.0,1.0,0.0067171326279930966,0.0,0.0,0.0,,,0.0,0.1,43.0,none,8.0,0.0
"RL (λ=0.75, μ=0.01)",RL Agent,0.29795653713113585,0.3442769149346063,0.7851047619047619,0.8844444444444445,0.014057272619116561,0.004558317411495042,0.0017565168584226848,0.0049391357268650845,,,0.75,0.01,42.0,none,8.0,0.18855798202753066
"RL (λ=0.75, μ=0.01)",RL Agent,0.2746452096819263,0.22578566547427595,0.8677333333333334,0.9115555555555556,0.010735543546121447,0.010645377301871711,0.00821709958705522,0.01121286738803814,,,0.75,0.01,43.0,none,8.0,0.13288318830976883
"RL (λ=0.75, μ=0.05)",RL Agent,0.2513440333821227,0.049126354643151876,0.9651809523809524,0.9833333333333334,0.01007616001103986,0.0073772641242377405,0.004981016115407559,0.0019626135258505547,,,0.75,0.05,43.0,none,8.0,0.03874281363437573
"RL (λ=3, μ=0.01)",RL Agent,0.2738962548047547,0.5251615931949923,0.7215238095238096,0.8317777777777776,0.0049567974819421014,0.03006081289626691,0.025125939474318643,0.008543281238551597,,,3.0,0.01,43.0,none,8.0,0.23691824822872878
"RL (λ=1, μ=0.1)",RL Agent,0.26660353374854934,0.07661390408457137,0.9429714285714286,0.9726666666666667,0.014255193470994248,0.0062748754217091,0.001905523657203772,0.0019626135258506805,,,1.0,0.1,44.0,none,8.0,0.06704855159421762
"RL (λ=0, μ=0.05)",RL Agent,0.23448752126068717,0.0,1.0,1.0,0.0067171326279930966,0.0,0.0,0.0,,,0.0,0.05,43.0,none,8.0,0.0
"RL (λ=0.25, μ=0.05)",RL Agent,0.24355084040930208,0.03227731158864289,0.9804952380952381,0.9868888888888888,0.00877345963238131,0.006017985301509468,0.0031566220930845,0.0011331154474650256,,,0.25,0.05,44.0,none,8.0,0.024947041859229406
"RL (λ=2, μ=0.01)",RL Agent,0.3008584640212135,0.9207378027290748,0.5456380952380954,0.7562222222222221,0.014121931499046926,0.027392746009299668,0.017271475179476796,0.019339717975141807,,,2.0,0.01,44.0,none,8.0,0.40084591857592267
"RL (λ=0.75, μ=0.01)",RL Agent,0.29884038620673853,0.30102028251687857,0.8043809523809524,0.8911111111111111,0.011284821347080398,0.013952555769329519,0.008167142843260608,0.005665577237325346,,,0.75,0.01,44.0,none,8.0,0.1766199476569891
"RL (λ=0.75, μ=0.05)",RL Agent,0.2831435373940006,0.10008015814495534,0.9184380952380953,0.9642222222222222,0.011649552905434396,0.008644765625274468,0.003998729957104024,0.002739739556875075,,,0.75,0.05,44.0,none,8.0,0.08806760172049205
"RL (λ=0.25, μ=0.05)",RL Agent,0.23391651270431657,0.002068361295603737,0.9987047619047619,0.9984444444444445,0.006760304159044218,0.0008072779439906432,0.0006878274318196867,0.000628539361054692,,,0.25,0.05,43.0,none,8.0,0.001579403320948283
"RL (λ=0.25, μ=0.1)",RL Agent,0.23450851705617268,0.00046019696884849645,0.9997714285714285,0.9995555555555556,0.006931592107910118,5.229045219625386e-05,9.331389496322964e-05,0.0003142696805273722,,,0.25,0.1,44.0,none,8.0,0.0004343701054652532
"RL (λ=0.75, μ=0.5)",RL Agent,0.23448752126068717,0.0,1.0,1.0,0.0067171326279930966,0.0,0.0,0.0,,,0.75,0.5,43.0,none,8.0,0.0
"RL (λ=0, μ=0.01)",RL Agent,0.23448752126068717,0.0,1.0,1.0,0.0067171326279930966,0.0,0.0,0.0,,,0.0,0.01,43.0,none,8.0,0.0
"RL (λ=0.75, μ=0.1)",RL Agent,0.24025655840814283,0.029621249978585392,0.9803809523809525,0.9895555555555555,0.0077687607707110995,0.005982690087764478,0.00355369565867244,0.0016629588385662008,,,0.75,0.1,43.0,none,8.0,0.022742402027050655
"RL (λ=1.5, μ=0.1)",RL Agent,0.2840471228282039,0.10141325371290072,0.9179428571428572,0.9644444444444443,0.010768916870677117,0.008388171961509204,0.004057813492527279,0.003325917677132392,,,1.5,0.1,44.0,none,8.0,0.08935201185444991
"RL (λ=3, μ=0.1)",RL Agent,0.27118371058324015,0.18190703655153503,0.8889523809523809,0.9262222222222222,0.013434410249341172,0.009215176257794274,0.004221186171967902,0.006308919807368156,,,3.0,0.1,44.0,none,8.0,0.12021830662037246
"RL (λ=1.5, μ=0.01)",RL Agent,0.3043810776793557,0.6804441047731519,0.6322285714285715,0.8039999999999999,0.0149490024344107,0.015709355254694496,0.011775311426186265,0.015897821886684364,,,1.5,0.01,44.0,none,8.0,0.3115122554128369
"RL (λ=0.75, μ=0.1)",RL Agent,0.25403992735013936,0.05880633997262319,0.9631619047619048,0.9771111111111112,0.01233613081459994,0.005151739187785647,0.0013108305168826773,0.0029979416807182223,,,0.75,0.1,44.0,none,8.0,0.05020405235389869
"RL (λ=2, μ=0.1)",RL Agent,0.2757233450132179,0.09718068569949077,0.9280380952380952,0.9651111111111111,0.012402344293003732,0.007635522942802435,0.002136731986648385,0.002685121327465477,,,2.0,0.1,42.0,none,8.0,0.08383545277702312
"RL (λ=0.5, μ=0.1)",RL Agent,0.2398179066450535,0.0250951632588073,0.9851428571428572,0.9897777777777778,0.008500395691943222,0.003778233295773589,0.0020592581716936337,0.0013698697784375374,,,0.5,0.1,44.0,none,8.0,0.0202241878559192
"RL (λ=1, μ=0.1)",RL Agent,0.2412045527697688,0.031196629115295967,0.9792000000000001,0.9886666666666667,0.007712744563088802,0.0060771543598848584,0.0032699830451618965,0.0010886621079036506,,,1.0,0.1,43.0,none,8.0,0.024032926621536412
"RL (λ=0.75, μ=0.5)",RL Agent,0.23448752126068717,0.0,1.0,1.0,0.0067171326279930966,0.0,0.0,0.0,,,0.75,0.5,42.0,none,8.0,0.0
"RL (λ=3, μ=0.5)",RL Agent,0.23448752126068717,0.0,1.0,1.0,0.0067171326279930966,0.0,0.0,0.0,,,3.0,0.5,43.0,none,8.0,0.0
"RL (λ=0.1, μ=0.05)",RL Agent,0.235732918948915,0.0018449985659994815,0.9995809523809523,0.9988888888888888,0.006861155759574772,0.0003978507011377386,0.00010774960475220151,0.0003142696805273722,,,0.1,0.05,44.0,none,8.0,0.0018546739766995112
"RL (λ=1, μ=0.5)",RL Agent,0.23448752126068717,0.0,1.0,1.0,0.0067171326279930966,0.0,0.0,0.0,,,1.0,0.5,42.0,none,8.0,0.0
"RL (λ=2, μ=0.5)",RL Agent,0.23448752126068717,0.0,1.0,1.0,0.0067171326279930966,0.0,0.0,0.0,,,2.0,0.5,42.0,none,8.0,0.0
"RL (λ=3, μ=0.5)",RL Agent,0.25242696004713255,0.05449741988770177,0.9651428571428572,0.98,0.011177694804853177,0.005266793674119857,0.0024315388033878324,0.0005443310539518027,,,3.0,0.5,44.0,none,8.0,0.045869322734574475
"RL (λ=0.75, μ=0.05)",RL Agent,0.27432465133619877,0.08795124642784584,0.9289142857142857,0.9677777777777777,0.012588957638140974,0.006856496589239988,0.0031685529648653272,0.003937787810370974,,,0.75,0.05,42.0,none,8.0,0.07782138192405304
"RL (λ=3, μ=0.1)",RL Agent,0.27041854894234346,0.09940729360304223,0.9309333333333334,0.9637777777777777,0.011446971039701857,0.010021608129845386,0.003645616757415714,0.004565030796483161,,,3.0,0.1,43.0,none,8.0,0.08243947200042506
"RL (λ=0, μ=0.01)",RL Agent,0.2344404724260407,6.0808094522315815e-05,1.0,1.0,0.006699571629072293,8.599563197552414e-05,0.0,0.0,,,0.0,0.01,44.0,none,8.0,5.377112329006195e-05
"RL (λ=3, μ=0.05)",RL Agent,0.2769366639028053,0.18100859489706664,0.8851809523809524,0.93,0.009638206906178212,0.009767092806323742,0.0038771146669384113,0.006417568479197202,,,3.0,0.05,43.0,none,8.0,0.12148418511201937
"RL (λ=1.5, μ=0.5)",RL Agent,0.23448752126068717,0.0,1.0,1.0,0.0067171326279930966,0.0,0.0,0.0,,,1.5,0.5,43.0,none,8.0,0.0
"RL (λ=0.75, μ=0.1)",RL Agent,0.2426821297292587,0.023529380196205336,0.9867428571428571,0.9891111111111112,0.008761553605279483,0.001734295458377552,0.0034298410347725133,0.0022662308949301163,,,0.75,0.1,42.0,none,8.0,0.02263472400108973
"RL (λ=0.25, μ=0.5)",RL Agent,0.23448752126068717,0.0,1.0,1.0,0.0067171326279930966,0.0,0.0,0.0,,,0.25,0.5,44.0,none,8.0,0.0
"RL (λ=0, μ=0.1)",RL Agent,0.23448752126068717,0.0,1.0,1.0,0.0067171326279930966,0.0,0.0,0.0,,,0.0,0.1,44.0,none,8.0,0.0
"RL (λ=1.5, μ=0.5)",RL Agent,0.23448752126068717,0.0,1.0,1.0,0.0067171326279930966,0.0,0.0,0.0,,,1.5,0.5,42.0,none,8.0,0.0
"RL (λ=2, μ=0.5)",RL Agent,0.23455241471642627,0.005843790693413775,0.9965333333333334,0.9948888888888888,0.007212060309433791,0.001366187215042546,0.0013108305168826775,0.0016629588385661514,,,2.0,0.5,44.0,none,8.0,0.0051379859546820325
"RL (λ=1.5, μ=0.01)",RL Agent,0.28075919537911737,0.49251021680219065,0.7392761904761905,0.844,0.01122844938221121,0.03838425273309322,0.03326222619744478,0.012036980056845219,,,1.5,0.01,43.0,none,8.0,0.22551590805749097
"RL (λ=3, μ=0.01)",RL Agent,0.2929187882425985,1.0087455576423545,0.5218285714285714,0.7459999999999999,0.01058193080810092,0.048942434420109135,0.02519838025244755,0.0019626135258505924,,,3.0,0.01,44.0,none,8.0,0.3900180075118939
"RL (λ=0.25, μ=0.05)",RL Agent,0.23661487576724624,0.00846903671839084,0.9957714285714285,0.9933333333333333,0.007725770147847508,0.001324238672847967,0.0006119001296841723,0.0019626135258506553,,,0.25,0.05,42.0,none,8.0,0.00720388210316499
"RL (λ=5, μ=0.1)",RL Agent,0.26002849148712764,0.33386120239932926,0.8227047619047619,0.8864444444444444,0.006883761710792562,0.006662524177577073,0.007448958593453559,0.0013698697784375374,,,5.0,0.1,43.0,none,8.0,0.16642570506905516
"RL (λ=1, μ=0.05)",RL Agent,0.2862684666215556,0.10309396266774451,0.9152380952380952,0.9635555555555554,0.010417783671007288,0.008337825880567388,0.004063531745837941,0.002572408200620058,,,1.0,0.05,44.0,none,8.0,0.09124989980707567
"RL (λ=0.1, μ=0.01)",RL Agent,0.23508667644813167,0.014787193960554548,0.9902857142857142,0.9915555555555554,0.006698089738135433,0.0035195086109769498,0.0013745995087747617,0.0012570787221094365,,,0.1,0.01,43.0,none,8.0,0.0109723908106486
"RL (λ=0.25, μ=0.01)",RL Agent,0.2885380663648525,0.11378855145933307,0.9065523809523809,0.9602222222222222,0.010917730123206454,0.010458242168857088,0.0027050301677830958,0.003499559055116403,,,0.25,0.01,44.0,none,8.0,0.09928924746563038
"RL (λ=3, μ=0.05)",RL Agent,0.2815120483965576,0.47089789147490296,0.737904761904762,0.8364444444444444,0.013474890707946153,0.005403113868812885,0.0038591059084584056,0.01102634331560471,,,3.0,0.05,44.0,none,8.0,0.22412991574282448
"RL (λ=1, μ=0.5)",RL Agent,0.23448752126068717,0.0,1.0,1.0,0.0067171326279930966,0.0,0.0,0.0,,,1.0,0.5,43.0,none,8.0,0.0
"RL (λ=3, μ=0.1)",RL Agent,0.26263102643668057,0.10411377134849938,0.9377142857142857,0.9604444444444443,0.011280642939567627,0.011002740954720534,0.004446874619049978,0.003823255674241155,,,3.0,0.1,42.0,none,8.0,0.07775304328432928
"RL (λ=0, μ=0.05)",RL Agent,0.23448752126068717,0.0,1.0,1.0,0.0067171326279930966,0.0,0.0,0.0,,,0.0,0.05,44.0,none,8.0,0.0
"RL (λ=5, μ=0.05)",RL Agent,0.26440462097563855,0.4021941416922923,0.7914285714285715,0.875111111111111,0.009156608735072631,0.02159293195064812,0.015107343801432917,0.007646511348482353,,,5.0,0.05,42.0,none,8.0,0.18007781980435053
"RL (λ=1.5, μ=0.1)",RL Agent,0.2615595029869513,0.06793331833594606,0.9489904761904762,0.9735555555555555,0.012396335506613423,0.0050659676582302275,0.0022401813985506885,0.0024545246704860625,,,1.5,0.1,42.0,none,8.0,0.060627117407818634
"RL (λ=0.25, μ=0.1)",RL Agent,0.23448752126068717,0.0,1.0,1.0,0.0067171326279930966,0.0,0.0,0.0,,,0.25,0.1,43.0,none,8.0,0.0
"RL (λ=2, μ=0.1)",RL Agent,0.2520626933455039,0.050521520993357875,0.9642666666666666,0.983111111111111,0.010661848538761853,0.006890375338044761,0.004510386099486348,0.002685121327465477,,,2.0,0.1,43.0,none,8.0,0.040027479400237403
"RL (λ=0.5, μ=0.05)",RL Agent,0.24124822664401982,0.030841857241179577,0.9793142857142857,0.9891111111111112,0.007777677285129759,0.006130153379775708,0.00354960954066169,0.0017497795275581427,,,0.5,0.05,43.0,none,8.0,0.02377732230722904
"RL (λ=2, μ=0.05)",RL Agent,0.27683641054011626,0.1433105115102625,0.9063238095238096,0.9466666666666667,0.012744038239602917,0.0077782206074749356,0.00037712361663284736,0.001632993161855499,,,2.0,0.05,42.0,none,8.0,0.10639905526861548
"RL (λ=0.25, μ=0.01)",RL Agent,0.2818617535265541,0.11681162609199046,0.9121523809523809,0.9584444444444444,0.013544805957821773,0.007204771258657905,0.0026398653164297634,0.0013698697784375374,,,0.25,0.01,42.0,none,8.0,0.09657854689129938
"RL (λ=1, μ=0.05)",RL Agent,0.2531769706251567,0.053216313386389026,0.9622857142857143,0.9817777777777777,0.010999203051050168,0.006917364871121128,0.004037376396035559,0.0017497795275581757,,,1.0,0.05,43.0,none,8.0,0.04259914072354635
"RL (λ=1.5, μ=0.05)",RL Agent,0.27994015928511234,0.10839807302432214,0.9160380952380954,0.96,0.012066612089884347,0.00814106829963112,0.003674166726454712,0.0028803291992924077,,,1.5,0.05,42.0,none,8.0,0.09134167885625114
"RL (λ=0.1, μ=0.5)",RL Agent,0.23448752126068717,0.0,1.0,1.0,0.0067171326279930966,0.0,0.0,0.0,,,0.1,0.5,44.0,none,8.0,0.0
"RL (λ=0.25, μ=0.5)",RL Agent,0.23448752126068717,0.0,1.0,1.0,0.0067171326279930966,0.0,0.0,0.0,,,0.25,0.5,43.0,none,8.0,0.0
"RL (λ=0.1, μ=0.01)",RL Agent,0.24636167467684586,0.041083212026721376,0.9731809523809524,0.9848888888888888,0.010112483593351086,0.00566953235971627,0.0028614570602992786,0.001257078722109384,,,0.1,0.01,42.0,none,8.0,0.03289423524091641
"RL (λ=0.1, μ=0.5)",RL Agent,0.23448752126068717,0.0,1.0,1.0,0.0067171326279930966,0.0,0.0,0.0,,,0.1,0.5,43.0,none,8.0,0.0
"RL (λ=0.5, μ=0.01)",RL Agent,0.291988528895364,0.15233642692937985,0.8891809523809524,0.9444444444444445,0.010294478672550829,0.011841508872762536,0.004814792022738113,0.0026851213274654557,,,0.5,0.01,44.0,none,8.0,0.11783662203450998
"RL (λ=0.5, μ=0.1)",RL Agent,0.23367398816775042,0.00561235611741254,0.996152380952381,0.9962222222222222,0.007216239451147704,0.0015310752870234244,0.0010612105354045438,0.0013698697784375795,,,0.5,0.1,43.0,none,8.0,0.004282457704345385
"RL (λ=0.5, μ=0.05)",RL Agent,0.2739077608677911,0.08561768529888508,0.9349333333333334,0.9682222222222222,0.013885325782333325,0.007324812347446665,0.002099735433069806,0.002199887763691557,,,0.5,0.05,44.0,none,8.0,0.07484050299723943
"RL (λ=1, μ=0.5)",RL Agent,0.23448752126068717,0.0,1.0,1.0,0.0067171326279930966,0.0,0.0,0.0,,,1.0,0.5,44.0,none,8.0,0.0
"RL (λ=0.5, μ=0.5)",RL Agent,0.23448752126068717,0.0,1.0,1.0,0.0067171326279930966,0.0,0.0,0.0,,,0.5,0.5,42.0,none,8.0,0.0
"RL (λ=0.1, μ=0.5)",RL Agent,0.23448752126068717,0.0,1.0,1.0,0.0067171326279930966,0.0,0.0,0.0,,,0.1,0.5,42.0,none,8.0,0.0
"RL (λ=1, μ=0.1)",RL Agent,0.25792807762995973,0.050941141345775896,0.9617142857142857,0.9766666666666667,0.01159612850946586,0.002896689257968959,0.0033175681610784925,0.0030307070437746754,,,1.0,0.1,42.0,none,8.0,0.04714113936076562
"RL (λ=5, μ=0.01)",RL Agent,0.27399737909800975,0.7567933427508157,0.6228952380952381,0.7666666666666666,0.00781927117418251,0.03592492028456149,0.020592652191085987,0.005682983045575276,,,5.0,0.01,44.0,none,8.0,0.2920612889242669
"RL (λ=0, μ=0.5)",RL Agent,0.23448752126068717,0.0,1.0,1.0,0.0067171326279930966,0.0,0.0,0.0,,,0.0,0.5,42.0,none,8.0,0.0
"RL (λ=0.5, μ=0.01)",RL Agent,0.25850522421767413,0.0992176189490715,0.9390857142857142,0.9577777777777777,0.011369846927822717,0.0034235347022307273,0.0015017450167182614,0.0038232556742412026,,,0.5,0.01,43.0,none,8.0,0.07300968023762107
"RL (λ=1.5, μ=0.01)",RL Agent,0.30044442059356663,0.592140722239558,0.6703238095238095,0.819111111111111,0.01747966124196333,0.010232974825939772,0.01391639435148459,0.007104163272509259,,,1.5,0.01,42.0,none,8.0,0.2718788433695833
"RL (λ=0.1, μ=0.05)",RL Agent,0.23455974596868645,0.0002344868099860805,0.9999619047619048,0.9997777777777778,0.006837285823372002,0.00014739207731457335,5.387480237607459e-05,0.0003142696805273722,,,0.1,0.05,42.0,none,8.0,0.00020665323237578073
"RL (λ=1, μ=0.01)",RL Agent,0.30106589214513696,0.4368612947783342,0.7356190476190476,0.8564444444444445,0.013686256845204177,0.010254633970266413,0.005324891277780425,0.013158107860522204,,,1.0,0.01,44.0,none,8.0,0.22249641213814417
"RL (λ=3, μ=0.01)",RL Agent,0.2826024299462647,0.7467102451054611,0.6360380952380953,0.8079999999999999,0.010092513625329872,0.04669840330676869,0.031138936698044246,0.004320493798938629,,,3.0,0.01,42.0,none,8.0,0.3061151538491249
"RL (λ=1.5, μ=0.1)",RL Agent,0.2550513583147864,0.18308194887452123,0.9104380952380954,0.9431111111111111,0.009366312292124755,0.00992546414618002,0.002099735433069805,0.0035416394334464208,,,1.5,0.1,43.0,window,8.0,0.08830347097416719
"RL (λ=2, μ=0.5)",RL Agent,0.23791579132355886,0.016835561409553897,0.9912380952380953,0.9933333333333332,0.006397066074731174,0.00368755755244184,0.0015455590685791388,0.0018856180831641283,,,2.0,0.5,43.0,window,8.0,0.010488232344388962
"RL (λ=5, μ=0.5)",RL Agent,0.25399950182676223,0.15562782532610572,0.9089904761904762,0.9451111111111111,0.009485173457884528,0.006077155612954997,0.004714276094266231,0.002997941680718263,,,5.0,0.5,42.0,window,8.0,0.08633628556877375
"RL (λ=5, μ=0.1)",RL Agent,0.2697153375524823,0.5166641512290487,0.7539809523809525,0.8684444444444445,0.008423031907754648,0.007717196874993612,0.012364824660660969,0.0008314794192830955,,,5.0,0.1,42.0,window,8.0,0.22204694854840637
"RL (λ=0.5, μ=0.1)",RL Agent,0.25006791439911796,0.07018714721605586,0.957752380952381,0.9704444444444444,0.008412064204826564,0.0029140937045034833,0.0014038495826810189,0.0042280661312090245,,,0.5,0.1,42.0,window,8.0,0.04676552499830723
"RL (λ=0.5, μ=0.5)",RL Agent,0.23497045331211494,0.0022739970325703664,0.9985142857142857,0.9993333333333334,0.006785664953996583,0.001316682785863873,0.0014665429756130022,0.0009428090415820641,,,0.5,0.5,43.0,window,8.0,0.0014558259447415669
"RL (λ=0.1, μ=0.1)",RL Agent,0.23521963849726027,0.003037858241706647,0.9988571428571428,0.9988888888888888,0.007325123156980386,0.0016869902719954517,0.0007638071487909769,0.0011331154474650764,,,0.1,0.1,44.0,window,8.0,0.0023754670719305674
"RL (λ=0.75, μ=0.5)",RL Agent,0.23604155691785741,0.002630484043313686,0.9993142857142857,0.9991111111111111,0.00766579943926287,0.0015092326470005474,0.0004665694748158309,0.0006285393610547182,,,0.75,0.5,44.0,window,8.0,0.0019831720391909283
"RL (λ=0, μ=0.5)",RL Agent,0.23449499776557256,0.0002388788009164165,0.9993523809523809,0.9995555555555556,0.006707176770859001,0.0002640509134887312,0.0009158716403940007,0.0006285393610546921,,,0.0,0.5,43.0,window,8.0,8.460797866185506e-05
"RL (λ=1.5, μ=0.5)",RL Agent,0.24258500034432615,0.032670440926596274,0.9824,0.9868888888888888,0.01252179092068809,0.00569936104821103,0.00421568177038017,0.0017497795275581757,,,1.5,0.5,44.0,window,8.0,0.019676711166898408
"RL (λ=0.1, μ=0.05)",RL Agent,0.23751264803509187,0.010973062892221821,0.9942095238095239,0.9957777777777778,0.0076054304142335,0.003405496521930649,0.0011132677482821023,0.0020608041101101886,,,0.1,0.05,43.0,window,8.0,0.007643000781536102
"RL (λ=2, μ=0.05)",RL Agent,0.27753862959115155,0.5715636063627747,0.7257904761904762,0.8491111111111111,0.010689514310437081,0.02458648651220496,0.009028008823137963,0.007248669524577862,,,2.0,0.05,44.0,window,8.0,0.25738252325045563
"RL (λ=2, μ=0.01)",RL Agent,0.28366127902117094,0.6027730882833628,0.7328761904761905,0.8497777777777777,0.013224089062138868,0.024776437108165284,0.02136304054047055,0.004085505846855656,,,2.0,0.01,43.0,window,8.0,0.25153447207125523
"RL (λ=1.5, μ=0.05)",RL Agent,0.27021918015031243,0.3597365537778246,0.8304,0.9017777777777777,0.012657120870075568,0.0010652159767002012,0.008864820021501026,0.0006285393610547444,,,1.5,0.05,43.0,window,8.0,0.15923911042883993
"RL (λ=0.1, μ=0.01)",RL Agent,0.2526932587131619,0.2085913949599125,0.8958095238095239,0.93,0.01248699567480587,0.007190976914558858,0.00407423183917716,0.010427882850355683,,,0.1,0.01,44.0,window,8.0,0.10447539560496807
"RL (λ=1.5, μ=0.05)",RL Agent,0.27496226017753855,0.5311091588194458,0.7369523809523809,0.8564444444444445,0.010038001938472364,0.018769277367200604,0.00505304290802936,0.007818938704781854,,,1.5,0.05,44.0,window,8.0,0.24111397317308
"RL (λ=0.1, μ=0.1)",RL Agent,0.23496538880402099,0.00674543338213989,0.9953142857142856,0.9962222222222222,0.006878935882540391,0.0004289839593883841,0.0010093440990089652,0.0006285393610547182,,,0.1,0.1,42.0,window,8.0,0.004786517729361852
"RL (λ=0.25, μ=0.1)",RL Agent,0.2382083056329878,0.02749006659724193,0.9816761904761905,0.9873333333333333,0.006153750076896905,0.0027608126303610464,0.0015399148900120496,0.00108866210790356,,,0.25,0.1,42.0,window,8.0,0.019314228783051172
"RL (λ=5, μ=0.01)",RL Agent,0.28001210827553746,0.714159395369197,0.6623619047619048,0.8326666666666666,0.011890716216466233,0.012184433308187947,0.01874223769785518,0.006599663291074498,,,5.0,0.01,42.0,window,8.0,0.30291014262661337
"RL (λ=3, μ=0.5)",RL Agent,0.24977580179552702,0.07440230803587966,0.9542857142857143,0.9713333333333333,0.008631757954848966,0.005983453440243734,0.0004937707198787254,0.0038103173776627554,,,3.0,0.5,42.0,window,8.0,0.04890880567828814
"RL (λ=5, μ=0.5)",RL Agent,0.24005108663737176,0.07514779762737156,0.9603428571428573,0.9708888888888888,0.007518878701222146,0.0029619562827981325,0.006301970321413237,0.004157397096415448,,,5.0,0.5,43.0,window,8.0,0.03813192054629326
"RL (λ=0, μ=0.1)",RL Agent,0.23509182636809434,0.0007399844994218943,0.9997714285714285,0.9995555555555556,0.006713932658814939,0.00022659931339508854,0.00016162440712838075,0.0003142696805273722,,,0.0,0.1,42.0,window,8.0,0.0007089086075623831
"RL (λ=5, μ=0.5)",RL Agent,0.2596165305934365,0.18042151568825457,0.8973714285714286,0.9344444444444445,0.011915515728039342,0.004474602379744096,0.003671400778104937,0.00493913572686507,,,5.0,0.5,44.0,window,8.0,0.09973890076080959
"RL (λ=3, μ=0.05)",RL Agent,0.26726265366095986,0.4682855887803575,0.7667428571428571,0.8757777777777777,0.012797244499347486,0.0153432456083187,0.020137000161647815,0.005057691856329325,,,3.0,0.05,42.0,window,8.0,0.20781070727823922
"RL (λ=2, μ=0.1)",RL Agent,0.27135642474702387,0.4329862542520031,0.7820952380952381,0.8793333333333333,0.010410969946394023,0.004090925335616686,0.007439601091395487,0.0038103173776627484,,,2.0,0.1,44.0,window,8.0,0.206521076378723
"RL (λ=0.5, μ=0.01)",RL Agent,0.2800005365607157,0.7048092039853336,0.6708952380952381,0.8377777777777778,0.0094755931861374,0.013538064819328163,0.00620683552675884,0.0052304899093066045,,,0.5,0.01,42.0,window,8.0,0.3042070297400157
"RL (λ=1, μ=0.05)",RL Agent,0.2668814273630432,0.45010152827030664,0.773942857142857,0.8822222222222221,0.012403159423481719,0.014733460837521768,0.015201575285359816,0.004629481479111069,,,1.0,0.05,42.0,window,8.0,0.2037293043116806
"RL (λ=0.1, μ=0.1)",RL Agent,0.23459382613548316,0.0026604475215669045,0.9986285714285715,0.9986666666666667,0.007018732498699455,0.001626557750448421,0.0012963580592132544,0.0014401645996461698,,,0.1,0.1,43.0,window,8.0,0.0012967663009961447
"RL (λ=5, μ=0.1)",RL Agent,0.2816883377239331,0.6299047179742004,0.697752380952381,0.8408888888888888,0.008905626451544675,0.059148962057266115,0.014398588996126177,0.0034995590551164216,,,5.0,0.1,44.0,window,8.0,0.27789214242746435
"RL (λ=0, μ=0.05)",RL Agent,0.23426012100789725,0.0012890437577382733,0.9995809523809523,0.9991111111111111,0.006466610743067987,0.0005712521856948788,0.00032770762922063604,0.0003142696805273722,,,0.0,0.05,42.0,window,8.0,0.001188740481932958
"RL (λ=5, μ=0.05)",RL Agent,0.2886233328712156,0.7879757393248455,0.6310095238095239,0.8162222222222222,0.008989589542604624,0.07165213590015833,0.020285276096318115,0.002199887763691448,,,5.0,0.05,44.0,window,8.0,0.3381830361584822
"RL (λ=5, μ=0.05)",RL Agent,0.27999057345876094,0.5526186236482351,0.7337904761904762,0.8511111111111109,0.01650672243124979,0.009409527437517653,0.01874316685768111,0.006494061864978852,,,5.0,0.05,43.0,window,8.0,0.2421762368797014
"RL (λ=0.5, μ=0.05)",RL Agent,0.2589089460207653,0.21609156719602482,0.8821333333333333,0.9302222222222222,0.009374921410700223,0.008103682063494816,0.009729884767887588,0.0017497795275581943,,,0.5,0.05,42.0,window,8.0,0.11114463452994823
"RL (λ=2, μ=0.01)",RL Agent,0.27993370086995184,0.672913645440682,0.6882666666666667,0.8408888888888888,0.012305933063133595,0.019204450449260554,0.015160086035929369,0.010891156226527,,,2.0,0.01,42.0,window,8.0,0.2883089235120763
"RL (λ=1, μ=0.01)",RL Agent,0.2799199460436392,0.532167939346053,0.7620571428571429,0.8706666666666667,0.011708428281326552,0.009188200644505156,0.009714061622065168,0.004714045207910295,,,1.0,0.01,43.0,window,8.0,0.22379888640996068
"RL (λ=0, μ=0.5)",RL Agent,0.23448752126068717,0.0,1.0,1.0,0.0067171326279930966,0.0,0.0,0.0,,,0.0,0.5,44.0,window,8.0,0.0
"RL (λ=2, μ=0.05)",RL Agent,0.2747659558097158,0.41889590718536635,0.8061333333333333,0.8882222222222222,0.012715885089085048,0.011907817117151984,0.013905440296562665,0.0008314794192830955,,,2.0,0.05,43.0,window,8.0,0.18271906280641753
"RL (λ=0, μ=0.01)",RL Agent,0.2347001716286874,0.004243291662274158,0.9980571428571429,0.9975555555555555,0.006363632689366899,0.0004153134347661259,0.00048487322138503767,0.0006285393610547444,,,0.0,0.01,42.0,window,8.0,0.0021947874625523884
"RL (λ=5, μ=0.01)",RL Agent,0.2845014142707327,0.6444889683340387,0.6953142857142858,0.8288888888888889,0.018541060363773655,0.02255400015432535,0.018425418704110096,0.006448274723798623,,,5.0,0.01,43.0,window,8.0,0.2771306319807967
"RL (λ=0.25, μ=0.5)",RL Agent,0.23451061876111104,0.0007025465004258296,0.9991238095238094,0.9995555555555556,0.006570037661173214,0.00034740288276349047,0.000513932859551739,0.000314269680527346,,,0.25,0.5,42.0,window,8.0,0.0005289188226064046
"RL (λ=1, μ=0.01)",RL Agent,0.281371812892172,0.7854900366062837,0.6377142857142858,0.8246666666666665,0.011480827872652997,0.018082294668353933,0.01471314836103676,0.007483314773547979,,,1.0,0.01,42.0,window,8.0,0.33451230463013054
"RL (λ=0.5, μ=0.5)",RL Agent,0.2352624395355979,0.0014723636465668556,0.9994666666666666,0.9988888888888888,0.007296217796412315,0.0005099351827958579,0.00014253932901993409,0.0008314794192830955,,,0.5,0.5,44.0,window,8.0,0.0012531424264113108
"RL (λ=0.25, μ=0.01)",RL Agent,0.2660689561670265,0.34946644050570513,0.8322666666666668,0.9057777777777778,0.013538159103026777,0.010493561052041826,0.012994553193488917,0.005230489909306613,,,0.25,0.01,43.0,window,8.0,0.15781175740684072
"RL (λ=0, μ=0.1)",RL Agent,0.2344767023811353,0.0009693463948970605,0.9989333333333333,0.9997777777777778,0.006732316303202163,0.0013460706674272272,0.0015084944665313446,0.0003142696805273722,,,0.0,0.1,43.0,window,8.0,0.00025181324283281964
"RL (λ=0.75, μ=0.01)",RL Agent,0.28025289025830286,0.7679200680724628,0.646704761904762,0.8288888888888888,0.01232616696125278,0.022003767458236255,0.007378488067876847,0.007430334887689118,,,0.75,0.01,42.0,window,8.0,0.32595153419921796
"RL (λ=0.75, μ=0.01)",RL Agent,0.276616447651451,0.5153255734456167,0.7699428571428572,0.8733333333333334,0.013213194043542697,0.014115224641976579,0.016953108598615867,0.0032659863237109524,,,0.75,0.01,43.0,window,8.0,0.21655769971820216
"RL (λ=0.75, μ=0.05)",RL Agent,0.2553975076609846,0.20725668016579582,0.9027428571428572,0.94,0.01229855785384644,0.0027616014296393014,0.0029904155286537204,0.0054433105395182545,,,0.75,0.05,43.0,window,8.0,0.0954361275161306
"RL (λ=3, μ=0.01)",RL Agent,0.2821984399200051,0.6667518574412569,0.6936761904761904,0.8315555555555555,0.014994506526543126,0.035525990444658526,0.018863567928982486,0.0026851213274654557,,,3.0,0.01,43.0,window,8.0,0.2832981663830578
"RL (λ=1, μ=0.1)",RL Agent,0.2607410056606158,0.20485350417588058,0.8840761904761906,0.9311111111111111,0.013015824247794858,0.006511400482881155,0.0015511827102096432,0.0033259176771324016,,,1.0,0.1,44.0,window,8.0,0.113159311371545
"RL (λ=0, μ=0.05)",RL Agent,0.23450319775565895,0.00023502193219408288,0.9992761904761904,0.9995555555555556,0.00669566370208062,0.00033237120396400197,0.0010236212451462546,0.0006285393610546921,,,0.0,0.05,43.0,window,8.0,5.908652146657308e-05
"RL (λ=0.25, μ=0.05)",RL Agent,0.24476324005269898,0.07438211426317132,0.959695238095238,0.9724444444444446,0.012148697515194597,0.00428711244030848,0.005595981713503769,0.0020608041101101886,,,0.25,0.05,44.0,window,8.0,0.04291725447277228
"RL (λ=2, μ=0.01)",RL Agent,0.2831429155354272,0.764411730963431,0.6457142857142858,0.8184444444444444,0.009882019165445654,0.047051443263016836,0.011733457018519427,0.008456132262417952,,,2.0,0.01,44.0,window,8.0,0.33188529261698324
"RL (λ=0.75, μ=0.01)",RL Agent,0.2781417115250053,0.713190324103969,0.667847619047619,0.8282222222222222,0.009247844152921816,0.05293341276349302,0.01511982675157797,0.0013698697784375795,,,0.75,0.01,44.0,window,8.0,0.311066731394579
"RL (λ=0.75, μ=0.05)",RL Agent,0.26478714417202287,0.3330324330026973,0.8312380952380952,0.9026666666666666,0.009689035864603011,0.012074114143745646,0.0057267166375429895,0.0043546484316145575,,,0.75,0.05,44.0,window,8.0,0.16440017242978017
"RL (λ=0.25, μ=0.05)",RL Agent,0.24261247894038032,0.06672979396486356,0.9669714285714286,0.9777777777777777,0.009628200534070767,0.010263780613010257,0.005837155210578259,0.005559998223642994,,,0.25,0.05,43.0,window,8.0,0.03182609321177006
"RL (λ=0.25, μ=0.1)",RL Agent,0.23701824128633273,0.012293752004704594,0.9950476190476191,0.9939999999999999,0.009042442643946744,0.002072546393594034,0.0013597385369580786,0.001088662107903696,,,0.25,0.1,44.0,window,8.0,0.008316231633226076
"RL (λ=0.75, μ=0.5)",RL Agent,0.23577198839290028,0.005715692838684769,0.9966095238095237,0.9971111111111112,0.0067667156701175365,0.002849549346248155,0.0019447236599010344,0.0020608041101101687,,,0.75,0.5,43.0,window,8.0,0.0036295917630195618
"RL (λ=0, μ=0.01)",RL Agent,0.23458419177213738,0.0005302197688889168,0.999657142857143,0.9995555555555556,0.00683578361211422,0.00024927392316427267,0.00032324881425670925,0.0003142696805273722,,,0.0,0.01,43.0,window,8.0,0.0002553911705811818
"RL (λ=0.75, μ=0.1)",RL Agent,0.24433320884588813,0.08049215523080157,0.9610666666666666,0.9726666666666667,0.007545311111580733,0.006178373658237069,0.006018806505116399,0.006061414087549237,,,0.75,0.1,43.0,window,8.0,0.04050960359970729
"RL (λ=1.5, μ=0.1)",RL Agent,0.2670803304548765,0.3083253580572119,0.8393904761904762,0.9104444444444444,0.011095005797210351,0.014165464310677148,0.00274021036317778,0.005230489909306564,,,1.5,0.1,44.0,window,8.0,0.15394294959803423
"RL (λ=3, μ=0.1)",RL Agent,0.27643588790717905,0.524327898884544,0.7416380952380952,0.8606666666666666,0.01019593167793095,0.014671685620349708,0.002721077550998651,0.008018497134519416,,,3.0,0.1,44.0,window,8.0,0.2429298866155247
"RL (λ=1.5, μ=0.01)",RL Agent,0.28108449550373726,0.7657320317458828,0.6488000000000002,0.8175555555555555,0.011024397077770445,0.0464329438835728,0.00844632512772654,0.008152860590152933,,,1.5,0.01,44.0,window,8.0,0.3330468613257011
"RL (λ=0.75, μ=0.1)",RL Agent,0.2556720704859017,0.1254623632490438,0.9270095238095238,0.9546666666666667,0.013489353965305283,0.0035614652442359086,0.0015399148900120368,0.00381031737766271,,,0.75,0.1,44.0,window,8.0,0.07661510502795378
"RL (λ=2, μ=0.1)",RL Agent,0.2623506441984473,0.36001999767803844,0.8164571428571429,0.8986666666666667,0.011190443248650246,0.010294934817665006,0.013318413421065621,0.0055243568420693424,,,2.0,0.1,42.0,window,8.0,0.16829241814712684
"RL (λ=0.5, μ=0.1)",RL Agent,0.24636785913615153,0.0692379567019784,0.9629333333333334,0.9731111111111111,0.012566247615704889,0.006383617961519252,0.00685862417862234,0.0038618104882183826,,,0.5,0.1,44.0,window,8.0,0.040567835077643395
"RL (λ=1, μ=0.1)",RL Agent,0.24380014492102053,0.0986354773326235,0.954704761904762,0.9648888888888889,0.00844892005137665,0.005012987128275317,0.006954441964568296,0.005452375176171233,,,1.0,0.1,43.0,window,8.0,0.04826249028742313
"RL (λ=0.75, μ=0.5)",RL Agent,0.23555259115141247,0.009613701179268226,0.9935238095238095,0.9955555555555554,0.006889924012772782,0.001770842232810917,0.0018341185702416322,0.001662958838566201,,,0.75,0.5,42.0,window,8.0,0.0071583999494711555
"RL (λ=3, μ=0.5)",RL Agent,0.23741251117122253,0.025555854784068577,0.9869714285714286,0.9884444444444443,0.0060240707734368,0.0009605470464355541,0.0008998866141728257,0.002199887763691467,,,3.0,0.5,43.0,window,8.0,0.015158110519250234
"RL (λ=0.1, μ=0.05)",RL Agent,0.2371320752833651,0.01155966118918853,0.9944380952380953,0.9939999999999999,0.009493156457231571,0.002565163044160983,0.0013403894922482695,0.0014401645996461867,,,0.1,0.05,44.0,window,8.0,0.007866214151183765
"RL (λ=1, μ=0.5)",RL Agent,0.23698042396391492,0.018893967663325684,0.9876952380952382,0.9917777777777776,0.006353297969273873,0.002060204848068856,0.00046030651327983965,0.0011331154474651126,,,1.0,0.5,42.0,window,8.0,0.013540851965546608
"RL (λ=2, μ=0.5)",RL Agent,0.24858027481583633,0.04780439573363479,0.9691809523809524,0.9804444444444446,0.00928577821081919,0.0014044171124280944,0.0011815666605158469,0.0013698697784375916,,,2.0,0.5,42.0,window,8.0,0.035249169558286664
"RL (λ=3, μ=0.5)",RL Agent,0.2523432046058813,0.08740548746173472,0.9466285714285715,0.9684444444444446,0.01300745275561029,0.007832121229545281,0.0033162555722392696,0.00354163943344656,,,3.0,0.5,44.0,window,8.0,0.054277820458014804
"RL (λ=0.75, μ=0.05)",RL Agent,0.2635312286160773,0.34022798720462905,0.8230095238095237,0.9046666666666665,0.008805600971455945,0.002979043272277563,0.0083464223736826,0.004320493798938526,,,0.75,0.05,42.0,window,8.0,0.16190228129876777
"RL (λ=3, μ=0.1)",RL Agent,0.2572949605601611,0.3278831118696596,0.8471619047619049,0.9024444444444444,0.011867129612685988,0.010847067158479348,0.009893180041719045,0.004012326685615102,,,3.0,0.1,43.0,window,8.0,0.14386204720040163
"RL (λ=0, μ=0.01)",RL Agent,0.23887630808514407,0.00613373586739736,0.9956952380952382,0.9973333333333333,0.006235843705204659,0.001326779919928154,0.00010774960475225385,0.0010886621079036053,,,0.0,0.01,44.0,window,8.0,0.00594931036233902
"RL (λ=3, μ=0.05)",RL Agent,0.26200552361776147,0.39909350732295906,0.8038857142857143,0.8753333333333333,0.012560901232526893,0.02631374772851359,0.013674545596798171,0.007906865277625411,,,3.0,0.05,43.0,window,8.0,0.17164792914129795
"RL (λ=1.5, μ=0.5)",RL Agent,0.23691479757044678,0.009149676657938987,0.994704761904762,0.996,0.00603516449744643,0.0032935675501513688,0.0017565168584226848,0.0019626135258505924,,,1.5,0.5,43.0,window,8.0,0.006133203287919362
"RL (λ=0.75, μ=0.1)",RL Agent,0.25578857157720597,0.14499187287750848,0.9192380952380952,0.9504444444444444,0.008335143284662243,0.008057300189521764,0.003690718886029001,0.002739739556875117,,,0.75,0.1,42.0,window,8.0,0.08049922739714384
"RL (λ=0.25, μ=0.5)",RL Agent,0.23452654750351498,0.00028266440866499693,0.999847619047619,0.9997777777777778,0.006729243766887823,0.00019109575987353526,0.00014253932901999342,0.0003142696805273722,,,0.25,0.5,44.0,window,8.0,0.00029331926504770915
"RL (λ=0, μ=0.1)",RL Agent,0.23455256664585336,0.00044937089174199447,0.9998095238095238,1.0,0.006623154833950204,0.00017346829229688274,0.00019424836242257852,0.0,,,0.0,0.1,44.0,window,8.0,0.0004425761004288991
"RL (λ=1.5, μ=0.5)",RL Agent,0.24446156488035883,0.036599680640848516,0.9759619047619048,0.9859999999999999,0.009566001440309101,0.0019014018069512123,0.0019581100610889923,0.0009428090415820641,,,1.5,0.5,42.0,window,8.0,0.026372463459769884
"RL (λ=2, μ=0.5)",RL Agent,0.2469546951098096,0.050033165087902655,0.9719238095238095,0.9795555555555554,0.012259819680468156,0.004225657631133731,0.0008045223650263827,0.001662958838566201,,,2.0,0.5,44.0,window,8.0,0.03181952931980292
"RL (λ=1.5, μ=0.01)",RL Agent,0.28040346647711417,0.5669957518898116,0.749447619047619,0.863111111111111,0.013379569276532194,0.012254282579889293,0.017860126734828275,0.003189488909868268,,,1.5,0.01,43.0,window,8.0,0.23829750041725734
"RL (λ=3, μ=0.01)",RL Agent,0.2802381410091371,0.7085076548424288,0.6635428571428572,0.823111111111111,0.010392937142630529,0.06683821604789475,0.0238094933333138,0.004085505846855657,,,3.0,0.01,44.0,window,8.0,0.3084463474266231
"RL (λ=0.25, μ=0.05)",RL Agent,0.24957166604195283,0.07649827219867159,0.9532952380952381,0.9684444444444443,0.009353276826125962,0.005367679299953869,0.00298798804588611,0.00393778781037098,,,0.25,0.05,42.0,window,8.0,0.04866991606851419
"RL (λ=5, μ=0.1)",RL Agent,0.27450334227967477,0.4515364555173283,0.780495238095238,0.8726666666666666,0.014182682518105151,0.006097424301242211,0.007994737498154552,0.006061414087549286,,,5.0,0.1,43.0,window,8.0,0.20120514778979123
"RL (λ=1, μ=0.05)",RL Agent,0.26826014799248676,0.41215812448125105,0.7912761904761906,0.8833333333333333,0.008251010177822407,0.01824821198456124,0.007214397296009662,0.005192587309132432,,,1.0,0.05,44.0,window,8.0,0.1973161179628223
"RL (λ=0.1, μ=0.01)",RL Agent,0.26003174617856784,0.21615649485485036,0.8926857142857143,0.9326666666666666,0.016117411046446962,0.013031491244832232,0.016717777413061064,0.006417568479197125,,,0.1,0.01,43.0,window,8.0,0.10633875134587288
"RL (λ=0.25, μ=0.01)",RL Agent,0.26951169025425653,0.48449618539746514,0.7638476190476191,0.8695555555555555,0.011218407374133309,0.014302874926756302,0.00954010035268125,0.004565030796483138,,,0.25,0.01,44.0,window,8.0,0.22170380486136612
"RL (λ=3, μ=0.05)",RL Agent,0.27531460470859387,0.5829381262291169,0.7224,0.847111111111111,0.0090107815642037,0.041614829983285834,0.008505396446226523,0.004228066131209001,,,3.0,0.05,44.0,window,8.0,0.26185559556943677
"RL (λ=1, μ=0.5)",RL Agent,0.23789463524318374,0.007936469145756587,0.9948571428571428,0.9966666666666667,0.006441661614347718,0.0024806552835435125,0.0014665429756130022,0.001440164599646221,,,1.0,0.5,43.0,window,8.0,0.005866112192471822
"RL (λ=3, μ=0.1)",RL Agent,0.2653444605646679,0.41559675687701064,0.7928000000000001,0.8877777777777777,0.010683507666384826,0.014988497218808417,0.013075937291621714,0.004909049340972122,,,3.0,0.1,42.0,window,8.0,0.18980082869933299
"RL (λ=0, μ=0.05)",RL Agent,0.23459073587710907,0.0006352299781204354,0.9996571428571429,0.9995555555555556,0.006652054062037125,0.0001228506344005353,0.00018662778992636862,0.000314269680527346,,,0.0,0.05,44.0,window,8.0,0.0005437004963556926
"RL (λ=5, μ=0.05)",RL Agent,0.2753053265518745,0.6212839018117374,0.7051428571428572,0.8475555555555555,0.009874587016405527,0.00551957938353107,0.016296303992302207,0.00393778781037098,,,5.0,0.05,42.0,window,8.0,0.26297147251168884
"RL (λ=1.5, μ=0.1)",RL Agent,0.2613497443223627,0.3186356235378354,0.8332952380952382,0.9062222222222222,0.010875683499457783,0.014358276394780123,0.009684136220183279,0.007549016778428024,,,1.5,0.1,42.0,window,8.0,0.1518745442231496
"RL (λ=0.25, μ=0.1)",RL Agent,0.23799135084021653,0.01556429638097507,0.9915428571428571,0.9944444444444445,0.007723933828749324,0.006593906517884254,0.0025657079223592783,0.0029979416807181924,,,0.25,0.1,43.0,window,8.0,0.008928174212574958
"RL (λ=2, μ=0.1)",RL Agent,0.26135033571893035,0.2479255220121386,0.8798857142857143,0.9277777777777777,0.010486850947427611,0.018733182993933447,0.009496494161560065,0.0033259176771324415,,,2.0,0.1,43.0,window,8.0,0.11655218538890283
"RL (λ=0.5, μ=0.05)",RL Agent,0.25261868186316877,0.13894111792575464,0.9314666666666667,0.9555555555555554,0.0098845159440906,0.0049881051290929825,0.0070118008723810375,0.004629481479111025,,,0.5,0.05,43.0,window,8.0,0.06942256475239993
"RL (λ=2, μ=0.05)",RL Agent,0.2718324782766969,0.5318156924203937,0.7452190476190476,0.8613333333333332,0.012361740165566718,0.011963819754311841,0.015805438370578927,0.007717224601860174,,,2.0,0.05,42.0,window,8.0,0.23414285072839508
"RL (λ=0.25, μ=0.01)",RL Agent,0.27491560865445114,0.5040326420603851,0.7519238095238095,0.8735555555555555,0.013456635853819817,0.014087892350791083,0.008986439771858678,0.0026851213274654557,,,0.25,0.01,42.0,window,8.0,0.2274318391525497
"RL (λ=1, μ=0.05)",RL Agent,0.26005594323104525,0.26656810040770673,0.8768380952380953,0.9275555555555556,0.010595291978052169,0.01168678913687319,0.0068452807452087415,0.00493913572686512,,,1.0,0.05,43.0,window,8.0,0.12046295055995385
"RL (λ=1.5, μ=0.05)",RL Agent,0.26941410646763564,0.5078437517272688,0.7534095238095238,0.8686666666666666,0.012230117610923219,0.014892949544924036,0.008573375440274889,0.006599663291074398,,,1.5,0.05,42.0,window,8.0,0.22631785522936843
"RL (λ=0.1, μ=0.5)",RL Agent,0.2344878738378097,6.196967260850426e-05,0.999847619047619,1.0,0.0067171651598064725,5.254727619890821e-05,0.00021549920950445536,0.0,,,0.1,0.5,44.0,window,8.0,7.166121403376261e-05
"RL (λ=0.25, μ=0.5)",RL Agent,0.23454163362311187,0.0006965267941098442,0.9990857142857142,0.9995555555555556,0.00676956379787902,0.00036811188617180614,0.000987541439757365,0.0006285393610546921,,,0.25,0.5,43.0,window,8.0,0.0002452054222424825
"RL (λ=0.1, μ=0.01)",RL Agent,0.2575663195820172,0.22174555879142432,0.8783619047619048,0.9273333333333333,0.009754431998206317,0.011271344909614154,0.009149679993908562,0.002372684056006967,,,0.1,0.01,42.0,window,8.0,0.1102851373553276
"RL (λ=0.1, μ=0.5)",RL Agent,0.23443711758271912,0.0001960542090901963,0.9999238095238097,1.0,0.00670979160430499,0.0001390218988827684,5.387480237607459e-05,0.0,,,0.1,0.5,43.0,window,8.0,0.00013970774412155152
"RL (λ=0.5, μ=0.01)",RL Agent,0.27441723492290654,0.6267345601516597,0.7034285714285714,0.8411111111111111,0.009789016544363838,0.036377213664785094,0.0055023557107249065,0.00349955905511637,,,0.5,0.01,44.0,window,8.0,0.2757010222952813
"RL (λ=0.5, μ=0.1)",RL Agent,0.24040433809117823,0.04328641602652131,0.9771428571428572,0.9846666666666666,0.007224650086724978,0.0067998186249348695,0.0036714007781048887,0.00392522705170126,,,0.5,0.1,43.0,window,8.0,0.023507781982421875
"RL (λ=0.5, μ=0.05)",RL Agent,0.26122702481565546,0.19410425616208662,0.8942476190476191,0.9377777777777778,0.012618975708948198,0.005638904496589458,0.002408751993834254,0.00558658003998951,,,0.5,0.05,44.0,window,8.0,0.10475563276310762
"RL (λ=1, μ=0.5)",RL Agent,0.23808433326257317,0.008956626392732576,0.9957333333333335,0.996,0.009279891719902412,0.002018398509097373,0.001553986899380679,0.001440164599646221,,,1.0,0.5,44.0,window,8.0,0.006012191752592723
"RL (λ=0.5, μ=0.5)",RL Agent,0.23451472280653807,0.004692657051892969,0.9964190476190476,0.9973333333333333,0.0061057079874387256,0.001209104724016576,0.0008670328896564803,0.000942809041582038,,,0.5,0.5,42.0,window,8.0,0.003417497177918752
"RL (λ=0.1, μ=0.5)",RL Agent,0.23448752126068717,0.0,1.0,1.0,0.0067171326279930966,0.0,0.0,0.0,,,0.1,0.5,42.0,window,8.0,0.0
"RL (λ=1, μ=0.1)",RL Agent,0.25615804281247895,0.17856451175541077,0.8995809523809525,0.9380000000000001,0.008253151222756206,0.004874343804621973,0.004272445066712108,0.004455541701280723,,,1.0,0.1,42.0,window,8.0,0.09451172214001417
"RL (λ=5, μ=0.01)",RL Agent,0.29153909993709726,0.834923224953648,0.6150857142857143,0.8126666666666665,0.010967592102235777,0.07746196030255159,0.0142103919050545,0.004838120234906,,,5.0,0.01,44.0,window,8.0,0.3558892448395491
"RL (λ=0, μ=0.5)",RL Agent,0.23448752126068717,0.0,1.0,1.0,0.0067171326279930966,0.0,0.0,0.0,,,0.0,0.5,42.0,window,8.0,0.0
"RL (λ=0.5, μ=0.01)",RL Agent,0.27445955901230595,0.4516179446695274,0.7937904761904763,0.8855555555555555,0.01385086174521523,0.015741241875144363,0.02023542167214293,0.004532461789860284,,,0.5,0.01,43.0,window,8.0,0.19546048896449308
"RL (λ=1.5, μ=0.01)",RL Agent,0.28355998828663737,0.7553319598846425,0.6565714285714286,0.83,0.012738292259457351,0.0231841168271372,0.01518667514766868,0.013007120557032799,,,1.5,0.01,42.0,window,8.0,0.3181154847157498
"RL (λ=0.1, μ=0.05)",RL Agent,0.24156426272771872,0.033054681685256736,0.9776000000000001,0.9875555555555554,0.009353281436177596,0.001471895162747083,0.002138089935299377,0.001662958838566201,,,0.1,0.05,42.0,window,8.0,0.023557627305388452
"RL (λ=1, μ=0.01)",RL Agent,0.27733433845518035,0.7236289384668568,0.663047619047619,0.8233333333333333,0.010301721849741412,0.05102901500124335,0.014561851817151285,0.00653197264742186,,,1.0,0.01,44.0,window,8.0,0.3155855993678172
"RL (λ=3, μ=0.01)",RL Agent,0.2690935421783431,0.5565050224151323,0.7322285714285716,0.8557777777777776,0.01245942968305838,0.015307516975171024,0.014707229005968932,0.0008314794192831054,,,3.0,0.01,42.0,window,8.0,0.23954980898586412
