#{"t_start": 1790503170.0361178, "env_id": "None"}
r,l,t
-51.507006,1000,4.152041
-56.612671,1000,8.67135
-43.253598,1000,13.341217
-40.921302,1000,17.393754
-35.699747,1000,22.066197
-43.288017,1000,26.118167
-28.754664,1000,30.794274
-32.941995,1000,34.845079
-19.24143,1000,39.525307
-22.094947,1000,43.579965
-13.740905,1000,48.252461
-16.412639,1000,52.298288
-11.473909,1000,56.973279
-10.364354,1000,61.024426
-4.756845,1000,65.698641
-6.981235,1000,69.749685
-3.191536,1000,74.420986
1.205962,1000,78.457887
3.062042,1000,83.120992
-3.431085,1000,87.165121
3.953716,1000,91.835701
2.197257,1000,95.876473
4.038866,1000,100.530587
2.387117,1000,104.576641
5.543349,1000,109.242972
6.128623,1000,113.289928
8.150454,1000,117.9624
7.992597,1000,122.010151
8.948759,1000,126.679916
8.379094,1000,130.750269
7.239288,1000,135.412529
11.444892,1000,139.461201
9.097813,1000,144.166815
11.379537,1000,148.215011
11.265213,1000,152.929882
12.103261,1000,156.961806
9.162297,1000,161.600787
11.766389,1000,165.626215
11.712403,1000,170.260102
12.082897,1000,174.286504
11.097329,1000,179.264029
12.304401,1000,183.905592
13.977844,1000,188.567372
11.74452,1000,193.481244
11.828825,1000,197.932067
12.811262,1000,203.592047
13.034007,1000,208.318168
13.036624,1000,213.278882
11.686023,1000,217.768563
10.306736,1000,222.892892
12.696301,1000,227.263873
