#{"t_start": 1790536679.719577, "env_id": "None"}
r,l,t
73.852265,1000,4.232752
79.624503,1000,8.459675
75.049453,1000,13.327678
57.090672,1000,17.564018
93.790493,1000,22.410788
76.16343,1000,26.64718
76.331482,1000,31.502796
70.23855,1000,35.739861
90.734029,1000,40.58907
55.506438,1000,44.825466
66.803917,1000,49.683617
79.814656,1000,53.923698
63.488769,1000,58.776889
102.919024,1000,63.018839
52.279563,1000,67.877705
72.098369,1000,72.111687
90.986024,1000,76.964069
83.764832,1000,81.197324
92.850845,1000,86.049698
69.042351,1000,90.294226
64.964285,1000,95.143695
96.012834,1000,99.382588
84.708622,1000,104.231951
66.947955,1000,108.464997
64.998942,1000,113.318857
59.546809,1000,117.558154
69.001617,1000,122.416862
64.857986,1000,126.704096
59.413686,1000,131.602984
74.209067,1000,135.877387
58.834524,1000,140.758335
62.926184,1000,144.998744
59.51901,1000,149.859283
55.044267,1000,154.093763
69.038618,1000,158.955103
57.050874,1000,163.204716
82.065621,1000,168.065658
62.113401,1000,172.312409
59.858457,1000,177.167977
68.124932,1000,181.417289
86.701103,1000,186.267953
66.148447,1000,190.518521
56.532466,1000,194.751281
89.831527,1000,199.62354
58.471734,1000,203.858741
64.523,1000,208.729235
74.438888,1000,212.962047
63.958692,1000,217.866416
60.324557,1000,222.144102
80.888356,1000,226.755049
73.357701,1000,230.678824
