#{"t_start": 1790540396.8053327, "env_id": "None"}
r,l,t
4.800945,1000,12.790272
3.227173,1000,16.730149
-3.016007,1000,21.440268
0.012951,1000,25.421442
-8.031989,1000,30.01941
-3.780218,1000,34.005172
-2.263641,1000,38.612041
3.966657,1000,42.595562
5.293029,1000,47.192304
-1.963111,1000,51.186765
4.166509,1000,55.795112
9.070762,1000,59.782607
8.037349,1000,64.402717
7.205272,1000,68.397587
3.434072,1000,73.023316
7.550306,1000,77.0284
7.511719,1000,81.651559
7.567371,1000,85.638783
4.187358,1000,90.255131
10.037604,1000,94.259114
9.325105,1000,98.87964
8.059679,1000,102.875106
11.660129,1000,107.495202
7.665657,1000,111.492145
8.534663,1000,116.122098
10.023793,1000,120.141592
10.784645,1000,124.775888
15.855544,1000,128.803587
11.929805,1000,133.445516
19.451092,1000,137.47619
14.167699,1000,142.124041
13.569593,1000,146.169291
10.115134,1000,150.820835
10.940198,1000,154.859457
14.0893,1000,159.511303
18.656583,1000,163.54558
16.317798,1000,168.188637
10.9259,1000,172.226327
19.151679,1000,176.875231
22.673179,1000,180.909984
17.079946,1000,185.547735
15.255068,1000,189.576304
17.417923,1000,193.606037
16.01102,1000,198.25509
15.193753,1000,202.291293
17.944171,1000,206.943664
19.803736,1000,210.98634
19.677398,1000,215.641411
19.533581,1000,219.670341
17.283788,1000,224.321115
24.092104,1000,228.356065
24.225593,1000,233.012511
23.867209,1000,237.044617
21.044162,1000,241.695563
16.176461,1000,245.727763
28.256567,1000,250.380618
21.525524,1000,254.416579
25.434385,1000,259.072039
21.960692,1000,263.120467
22.469934,1000,267.779569
22.073456,1000,271.830252
16.455551,1000,276.491621
16.880319,1000,280.555236
18.396049,1000,285.219015
17.989437,1000,289.266674
21.468755,1000,293.931458
22.633278,1000,297.973038
15.08046,1000,302.632314
19.395597,1000,306.670661
20.810804,1000,311.328578
20.867291,1000,315.373598
19.700017,1000,320.024484
18.694758,1000,324.061544
20.883279,1000,328.714063
31.628414,1000,332.751358
18.835278,1000,337.402186
19.494028,1000,341.446651
21.445038,1000,346.109045
20.89735,1000,350.153463
17.256387,1000,354.815506
15.067958,1000,358.861226
16.931327,1000,363.518563
20.066085,1000,367.564928
24.952257,1000,372.225314
19.663443,1000,376.271802
18.074398,1000,380.318544
19.868023,1000,384.987526
22.468321,1000,389.044304
18.732371,1000,393.703619
17.177857,1000,397.751525
18.142155,1000,402.410977
30.294753,1000,406.459374
22.102523,1000,411.117475
21.438837,1000,415.173546
19.0054,1000,419.830862
19.401207,1000,423.877616
30.176354,1000,428.533109
23.218018,1000,432.580974
18.853729,1000,437.23494
23.68753,1000,441.277821
25.458947,1000,445.925345
22.675811,1000,449.968258
24.116715,1000,454.627636
22.292164,1000,458.676213
23.306104,1000,463.344594
23.029756,1000,467.403682
22.098532,1000,472.07701
19.673882,1000,476.135843
22.793374,1000,480.805276
25.458549,1000,484.870464
29.13145,1000,489.531264
19.298725,1000,493.576604
18.87374,1000,498.235778
25.898511,1000,502.280869
19.94716,1000,506.937547
19.119953,1000,510.978966
20.741985,1000,515.641152
16.972003,1000,519.691851
19.420244,1000,524.346812
24.0534,1000,528.391544
28.125449,1000,533.053976
19.351553,1000,537.094132
25.382147,1000,541.747318
32.822878,1000,545.801071
20.57751,1000,550.466055
30.538733,1000,554.51633
19.683471,1000,559.169413
19.741169,1000,563.226692
21.294928,1000,567.277246
25.83081,1000,571.941046
29.650399,1000,575.994067
22.239836,1000,580.651783
20.369053,1000,584.695238
28.440695,1000,589.348914
36.262945,1000,593.388572
26.225284,1000,598.05255
23.48811,1000,602.103977
20.603721,1000,606.75921
18.166625,1000,610.800812
28.566029,1000,615.472419
28.807096,1000,619.541324
20.881482,1000,624.204828
22.754673,1000,628.242947
26.515082,1000,632.900317
22.96225,1000,636.950078
19.257791,1000,641.610558
19.221306,1000,645.655498
18.529718,1000,650.316739
27.533153,1000,654.364697
23.648071,1000,659.021117
23.033571,1000,663.063642
22.767829,1000,667.722306
19.587611,1000,671.76474
26.747303,1000,676.428524
20.030276,1000,680.47016
36.284808,1000,685.130735
18.015294,1000,689.182905
18.984956,1000,693.845865
31.047371,1000,697.901422
24.2858,1000,702.562872
28.949179,1000,706.609832
27.551338,1000,711.265932
16.728345,1000,715.32488
22.760378,1000,719.998166
20.234881,1000,724.052461
21.808905,1000,728.715043
19.960237,1000,732.758404
17.303084,1000,737.41209
16.211312,1000,741.459636
20.502237,1000,746.107597
31.613724,1000,750.153169
23.27129,1000,754.201365
21.008304,1000,758.862936
22.50177,1000,762.905651
21.747677,1000,767.57472
21.319493,1000,771.62646
21.338475,1000,776.289541
29.133505,1000,780.335215
23.484711,1000,784.988651
32.153528,1000,789.030032
23.542327,1000,793.697203
22.368522,1000,797.75473
17.617041,1000,802.419671
23.395573,1000,806.465565
26.521603,1000,811.124082
21.708813,1000,815.167627
25.776514,1000,819.832066
31.914894,1000,823.895567
22.087146,1000,828.553974
22.161174,1000,832.595685
23.248544,1000,837.261079
22.621936,1000,841.313218
23.194784,1000,845.972513
18.053933,1000,850.028497
22.970929,1000,854.691439
16.868581,1000,858.742266
28.127295,1000,863.399172
22.517531,1000,867.448518
23.464053,1000,872.10974
19.169217,1000,876.168074
32.013719,1000,880.825907
21.457227,1000,884.873927
24.130668,1000,889.529939
23.349122,1000,893.579785
22.896524,1000,898.238818
18.784597,1000,902.296031
17.658395,1000,906.963207
24.221311,1000,911.009188
20.930038,1000,915.667284
33.068362,1000,919.718111
22.364963,1000,924.377314
21.288996,1000,928.424647
22.401351,1000,933.085192
20.087323,1000,937.143095
23.63535,1000,941.192283
28.295613,1000,945.847363
20.8067,1000,949.887835
17.606062,1000,954.55312
24.728311,1000,958.618372
20.437455,1000,963.282385
24.474936,1000,967.322217
21.181035,1000,971.989992
20.687105,1000,976.04236
24.477623,1000,980.704253
30.466906,1000,984.753095
25.850744,1000,989.413386
16.996682,1000,993.461011
20.512092,1000,998.122953
19.660699,1000,1002.172868
24.69332,1000,1006.833683
19.195087,1000,1010.878632
23.198286,1000,1015.542435
32.674064,1000,1019.588609
19.294126,1000,1024.252779
19.703665,1000,1028.302201
22.080485,1000,1032.972142
21.65606,1000,1037.018554
19.712772,1000,1041.686811
22.777277,1000,1045.738912
23.403795,1000,1050.397174
23.224785,1000,1054.434496
20.487974,1000,1059.092781
18.652976,1000,1063.140083
20.475989,1000,1067.800494
19.770721,1000,1071.843354
22.876891,1000,1076.49931
19.569704,1000,1080.54221
19.608439,1000,1085.200677
22.585109,1000,1089.254509
19.642777,1000,1093.922452
29.296393,1000,1097.970046
21.395214,1000,1102.629225
24.235667,1000,1106.6677
30.39801,1000,1111.324573
24.507405,1000,1115.364405
23.882302,1000,1119.406004
21.612721,1000,1124.067085
21.561133,1000,1128.113645
22.617703,1000,1132.774843
19.81799,1000,1136.824309
26.375164,1000,1141.486956
25.535048,1000,1145.536602
22.857606,1000,1150.20006
28.013544,1000,1154.23683
25.510644,1000,1158.905569
16.803082,1000,1162.960008
23.314868,1000,1167.621645
20.170851,1000,1171.679633
19.900356,1000,1176.348403
25.703385,1000,1180.386766
20.292748,1000,1185.045521
32.58543,1000,1189.084161
21.39292,1000,1193.741135
18.425621,1000,1197.781956
22.402563,1000,1202.4421
27.933456,1000,1206.478726
22.57627,1000,1211.136676
15.881242,1000,1215.177241
22.477817,1000,1219.843428
21.030956,1000,1223.896685
20.148068,1000,1228.563339
24.112811,1000,1232.605442
31.099017,1000,1237.263623
20.458578,1000,1241.320932
19.50904,1000,1245.986092
23.662392,1000,1250.026329
23.896359,1000,1254.684648
30.183653,1000,1258.733532
23.972932,1000,1263.397943
19.297474,1000,1267.446585
32.31741,1000,1272.104687
28.27929,1000,1276.155819
21.113655,1000,1280.82418
22.716635,1000,1284.877978
20.019441,1000,1289.541033
23.311125,1000,1293.590037
18.671043,1000,1298.254337
19.345638,1000,1302.300956
18.262153,1000,1306.346936
27.805005,1000,1310.998864
32.332359,1000,1315.039995
20.167776,1000,1319.704128
31.497916,1000,1323.749738
28.978275,1000,1328.409018
19.11606,1000,1332.454153
23.994982,1000,1337.115306
21.244026,1000,1341.171049
21.830454,1000,1345.833854
21.598302,1000,1349.882545
32.456205,1000,1354.544626
16.897341,1000,1358.59742
30.168088,1000,1363.260031
22.960553,1000,1367.309065
19.679962,1000,1371.964315
24.918928,1000,1376.010484
22.210514,1000,1380.680448
32.875027,1000,1384.739187
17.995173,1000,1389.404981
32.027143,1000,1393.461977
27.960901,1000,1398.126608
19.99592,1000,1402.185977
18.343772,1000,1406.843458
30.527833,1000,1410.884151
20.481596,1000,1415.545005
19.354278,1000,1419.59739
23.265482,1000,1424.257213
23.148289,1000,1428.291929
20.193146,1000,1432.960698
21.888451,1000,1437.015553
19.471023,1000,1441.68128
21.796682,1000,1445.722012
27.558235,1000,1450.377766
17.645999,1000,1454.427994
20.180212,1000,1459.086143
22.643002,1000,1463.139838
16.879203,1000,1467.80545
25.188416,1000,1471.857719
20.634931,1000,1476.517366
19.355925,1000,1480.572295
27.940624,1000,1485.231835
28.955113,1000,1489.289124
22.035554,1000,1493.348538
21.854112,1000,1498.011759
25.142976,1000,1502.076062
28.70052,1000,1506.748684
31.717663,1000,1510.809265
26.192681,1000,1515.467824
22.542818,1000,1519.514067
32.707582,1000,1524.173605
28.803845,1000,1528.227072
22.615421,1000,1532.890853
24.79986,1000,1536.947551
28.556731,1000,1541.606406
21.213863,1000,1545.65373
28.911913,1000,1550.305904
22.524514,1000,1554.34728
22.122816,1000,1559.006435
18.605954,1000,1563.055937
23.462794,1000,1567.719747
24.332521,1000,1571.767338
23.114347,1000,1576.425052
32.963086,1000,1580.480898
28.948183,1000,1585.141158
18.194679,1000,1589.191343
23.429748,1000,1593.850696
20.813668,1000,1597.896029
29.391816,1000,1602.563081
19.73235,1000,1606.626767
23.360943,1000,1611.289251
22.245327,1000,1615.341403
20.878279,1000,1620.00532
21.467046,1000,1624.061833
22.144518,1000,1628.719628
19.412253,1000,1632.769166
21.327283,1000,1637.434116
22.209146,1000,1641.48406
22.145157,1000,1646.138673
31.043694,1000,1650.183742
21.896588,1000,1654.837174
23.720179,1000,1658.897755
21.789464,1000,1663.562578
23.36396,1000,1667.617038
29.818125,1000,1672.278479
21.455317,1000,1676.338689
30.733897,1000,1680.39548
24.349909,1000,1685.076103
19.278673,1000,1689.134314
21.15144,1000,1693.795607
25.036186,1000,1697.835654
19.875644,1000,1702.510252
23.624557,1000,1706.557281
28.679167,1000,1711.226412
24.2419,1000,1715.278729
17.671083,1000,1719.939265
23.464351,1000,1723.985342
20.61092,1000,1728.641418
27.969952,1000,1732.682627
24.119793,1000,1737.343695
21.985773,1000,1741.393042
22.967031,1000,1746.054105
18.46735,1000,1750.106229
19.573081,1000,1754.768172
23.928887,1000,1758.822517
23.149094,1000,1763.48514
22.106791,1000,1767.541754
20.621704,1000,1772.200399
20.424199,1000,1776.248719
23.499235,1000,1780.907598
18.464225,1000,1784.960488
19.790813,1000,1789.621284
22.971769,1000,1793.669223
29.749689,1000,1798.33117
16.789233,1000,1802.395671
25.872041,1000,1807.062089
21.645127,1000,1811.107634
21.756021,1000,1815.760114
16.629419,1000,1819.804083
18.229561,1000,1824.463639
22.906283,1000,1828.517649
28.701557,1000,1833.173825
23.178856,1000,1837.224685
28.947875,1000,1841.884853
29.313464,1000,1845.937368
18.924,1000,1850.593024
20.88276,1000,1854.638292
22.520543,1000,1859.292948
31.808067,1000,1863.34843
17.429511,1000,1867.40008
27.85256,1000,1872.057574
18.401145,1000,1876.099766
26.954122,1000,1880.751626
19.281341,1000,1884.792743
24.214391,1000,1889.456512
18.825838,1000,1893.507132
19.66795,1000,1898.161174
19.536584,1000,1902.204837
21.201196,1000,1906.862471
28.270446,1000,1910.906327
21.218711,1000,1915.565092
21.416309,1000,1919.61259
26.485467,1000,1924.275716
21.054851,1000,1928.328294
25.504794,1000,1932.98221
22.614559,1000,1937.026829
20.691788,1000,1941.684698
17.559141,1000,1945.730413
29.469015,1000,1950.396995
29.155766,1000,1954.455614
20.736626,1000,1959.120767
18.662385,1000,1963.169537
25.385669,1000,1967.839452
26.889032,1000,1971.894655
25.408985,1000,1976.562189
21.60097,1000,1980.613626
20.56142,1000,1985.279435
16.946047,1000,1989.329303
22.852655,1000,1993.994441
21.018263,1000,1998.042657
20.79921,1000,2002.707021
18.241858,1000,2006.752744
22.184384,1000,2011.412589
24.835125,1000,2015.457118
27.250136,1000,2020.122368
24.737168,1000,2024.177946
30.002483,1000,2028.842535
21.477875,1000,2032.90074
22.764885,1000,2037.574285
28.961226,1000,2041.625578
31.205626,1000,2046.291885
19.331757,1000,2050.351668
24.964935,1000,2054.413882
21.618832,1000,2059.079246
25.933129,1000,2063.128081
18.733629,1000,2067.79905
25.291041,1000,2071.85396
21.659232,1000,2076.52372
23.301943,1000,2080.591614
19.688816,1000,2085.256628
16.098998,1000,2089.306279
30.274771,1000,2093.971325
18.898183,1000,2098.019648
20.609475,1000,2102.68703
17.115153,1000,2106.736789
21.069123,1000,2111.399059
31.849265,1000,2115.449266
21.612306,1000,2120.118686
24.359409,1000,2124.181578
16.542436,1000,2128.853762
18.652064,1000,2132.908414
23.969147,1000,2137.577489
18.70056,1000,2141.631433
30.674932,1000,2146.299031
22.504545,1000,2150.346692
17.603502,1000,2155.013845
19.173703,1000,2159.067601
21.968743,1000,2163.691122
18.426063,1000,2167.663108
17.563248,1000,2172.21257
24.727017,1000,2176.112319
18.26457,1000,2180.52324
19.009306,1000,2184.351829
