#{"t_start": 1790504448.9899905, "env_id": "None"}
r,l,t
92.970815,1000,4.421966
105.410212,1000,9.581297
96.948602,1000,15.434589
61.794947,1000,20.481074
131.179854,1000,25.944239
100.416698,1000,30.149919
102.951782,1000,34.93107
89.533528,1000,39.333797
137.85984,1000,44.212024
65.850868,1000,49.244614
87.140692,1000,54.951627
113.525668,1000,59.500882
90.56876,1000,64.928185
162.596599,1000,69.803572
66.126407,1000,74.678304
108.036073,1000,78.947321
141.799847,1000,84.012397
127.385714,1000,89.005924
148.170743,1000,93.801029
100.635739,1000,97.97738
91.316514,1000,102.819157
157.741149,1000,107.160738
133.51161,1000,111.908353
101.921463,1000,116.011526
99.533462,1000,120.658707
86.904138,1000,124.664179
107.405764,1000,129.227689
98.386276,1000,133.162067
93.001533,1000,137.679643
120.656507,1000,141.610889
93.369044,1000,146.121776
98.44755,1000,150.053133
98.522893,1000,154.571692
86.405856,1000,158.486989
113.64727,1000,162.955493
86.598103,1000,166.852949
142.623006,1000,171.28376
105.395974,1000,175.137894
98.120312,1000,179.555426
120.877508,1000,183.406697
158.419719,1000,187.823098
104.750742,1000,191.679037
94.183489,1000,195.538027
162.27886,1000,199.974827
97.740854,1000,203.832668
111.201471,1000,208.255811
132.154847,1000,212.1095
111.483772,1000,216.522835
105.360709,1000,220.371182
148.203546,1000,224.777834
131.389051,1000,228.617377
