#{"t_start": 1790503438.6582077, "env_id": "None"}
r,l,t
-57.758364,1000,4.781824
-56.851992,1000,9.076549
-38.003177,1000,14.013147
-44.301164,1000,18.405124
-30.018639,1000,23.403553
-31.70891,1000,28.080346
-20.424262,1000,33.123093
-23.947446,1000,37.422363
-16.682965,1000,42.626754
-12.129533,1000,47.056176
-7.646759,1000,52.198428
-4.265266,1000,56.900501
-4.894282,1000,62.028944
0.340383,1000,66.270938
1.109446,1000,71.139589
3.216119,1000,75.605521
3.185573,1000,80.444381
7.520333,1000,84.816797
7.642591,1000,89.53727
8.035568,1000,94.03467
10.275008,1000,98.960034
8.978777,1000,103.215792
10.161912,1000,108.761519
10.173504,1000,113.734795
10.843699,1000,119.039601
11.887513,1000,123.257477
10.113609,1000,128.07791
12.306623,1000,132.164044
11.713141,1000,137.364272
12.820395,1000,141.709527
12.305192,1000,147.114317
14.707612,1000,151.944522
12.399487,1000,157.381403
13.737471,1000,161.641382
14.391733,1000,166.438739
12.970357,1000,170.524263
14.478982,1000,175.344206
15.78555,1000,179.457983
14.919758,1000,184.171382
14.294077,1000,188.331979
13.297773,1000,193.158212
14.519893,1000,197.230578
15.144348,1000,201.588019
14.275623,1000,206.468776
13.884643,1000,210.5579
14.378129,1000,215.565001
15.951025,1000,220.130574
15.004651,1000,225.499034
13.898926,1000,229.772437
13.986359,1000,235.068271
14.79509,1000,239.499822
