#{"t_start": 1790540396.6021178, "env_id": "None"}
r,l,t
182.664066,1000,13.084047
176.61027,1000,17.144816
167.771767,1000,21.812188
174.526144,1000,25.83597
183.421731,1000,30.506865
167.869892,1000,34.50584
176.253879,1000,39.134005
166.517077,1000,43.164562
189.217171,1000,47.797977
183.275689,1000,51.834633
177.303669,1000,56.503182
196.501039,1000,60.488719
163.910284,1000,65.16404
175.937666,1000,69.181427
165.211766,1000,73.849094
181.241114,1000,77.894285
162.039625,1000,82.545005
149.200791,1000,86.574481
182.082488,1000,91.213901
155.84805,1000,95.249128
179.730214,1000,99.897064
189.511152,1000,103.924246
165.984053,1000,108.554753
162.229144,1000,112.569899
147.635107,1000,117.236627
168.493844,1000,121.244015
166.881541,1000,125.912081
187.561971,1000,129.96853
182.759554,1000,134.644007
183.864868,1000,138.703666
162.900326,1000,143.387558
186.573406,1000,147.431363
178.666177,1000,152.109872
163.918419,1000,156.176214
180.014735,1000,160.859509
173.492137,1000,164.921376
180.755474,1000,169.602901
172.608708,1000,173.676956
168.806553,1000,178.359711
166.361869,1000,182.433313
167.268134,1000,187.113262
164.794624,1000,191.186503
175.858981,1000,195.259668
165.471085,1000,199.957902
159.323751,1000,204.020522
182.826583,1000,208.712216
173.474462,1000,212.764442
179.583337,1000,217.434879
175.719867,1000,221.464335
150.908066,1000,226.142893
171.844642,1000,230.211422
176.723132,1000,234.900481
169.662607,1000,238.970198
188.042264,1000,243.63779
166.35832,1000,247.713866
165.518404,1000,252.404571
185.630727,1000,256.450004
168.292043,1000,261.134329
170.467634,1000,265.20733
166.554893,1000,269.889537
191.82364,1000,273.968163
186.092079,1000,278.655916
162.23869,1000,282.734877
159.844204,1000,287.41855
169.307027,1000,291.493431
191.145483,1000,296.170635
192.000714,1000,300.247698
187.776771,1000,304.936633
169.524792,1000,309.001346
165.631535,1000,313.684052
177.469038,1000,317.714128
186.701515,1000,322.391491
169.308855,1000,326.406781
170.267406,1000,331.054627
162.31141,1000,335.088134
185.752897,1000,339.777814
188.548318,1000,343.844348
193.878987,1000,348.542733
176.721379,1000,352.612872
165.223714,1000,357.311376
167.681001,1000,361.377572
190.814298,1000,366.072679
173.03388,1000,370.14688
177.645828,1000,374.849124
181.327889,1000,378.904639
184.570447,1000,382.983645
174.707008,1000,387.668535
187.209703,1000,391.748513
186.022223,1000,396.433703
201.499724,1000,400.489189
163.506247,1000,405.174491
166.551892,1000,409.253253
177.782762,1000,413.91529
183.507702,1000,418.007556
162.334083,1000,422.696222
181.646745,1000,426.776894
172.353424,1000,431.461465
175.481167,1000,435.529397
175.703237,1000,440.223968
164.095889,1000,444.292652
182.147913,1000,448.98815
162.106009,1000,453.042307
163.373263,1000,457.734903
187.406638,1000,461.811136
178.413537,1000,466.514617
184.596386,1000,470.582555
182.045786,1000,475.279492
186.382339,1000,479.33793
161.474765,1000,484.040899
168.099461,1000,488.114302
179.910737,1000,492.768096
184.281527,1000,496.79829
181.446761,1000,501.493909
172.676149,1000,505.547079
176.288586,1000,510.233024
175.610175,1000,514.305886
169.344937,1000,519.002072
185.954504,1000,523.075193
178.944353,1000,527.732671
181.212782,1000,531.746279
164.493692,1000,536.414046
184.892287,1000,540.492541
169.979586,1000,545.188715
182.479585,1000,549.264899
182.051032,1000,553.95692
172.173621,1000,558.037312
177.145646,1000,562.729805
151.173032,1000,566.810858
183.111129,1000,570.883371
183.78445,1000,575.57858
183.266295,1000,579.654951
187.960614,1000,584.356235
184.193931,1000,588.43079
200.043471,1000,593.125277
179.811764,1000,597.200228
188.756808,1000,601.886293
165.165661,1000,605.959744
178.292551,1000,610.654566
163.461074,1000,614.729508
181.27051,1000,619.426696
179.606318,1000,623.510605
201.836568,1000,628.204797
169.641157,1000,632.278078
169.868926,1000,636.973871
165.2223,1000,641.043414
182.499256,1000,645.740276
191.78795,1000,649.815334
162.386515,1000,654.508115
170.308472,1000,658.585974
183.101414,1000,663.2804
175.518107,1000,667.365133
170.707725,1000,672.050946
182.871359,1000,676.126786
172.402378,1000,680.812899
181.252902,1000,684.902861
173.115254,1000,689.58303
173.47234,1000,693.667377
172.795037,1000,698.352138
188.264419,1000,702.430855
174.16126,1000,707.123626
179.864303,1000,711.201211
177.420052,1000,715.883568
176.480237,1000,719.962038
200.120492,1000,724.652926
185.47983,1000,728.731118
183.157632,1000,733.418914
163.429894,1000,737.47064
180.091318,1000,742.15609
165.332247,1000,746.245157
172.07336,1000,750.934731
168.600958,1000,754.988834
173.762382,1000,759.07703
152.643714,1000,763.72006
174.560314,1000,767.803048
173.721797,1000,772.443765
176.904744,1000,776.464775
181.425618,1000,781.119938
159.891015,1000,785.189418
172.941709,1000,789.834477
177.854899,1000,793.910282
178.873753,1000,798.604557
184.105011,1000,802.690612
170.920474,1000,807.38389
173.661705,1000,811.462245
187.409013,1000,816.136571
190.951005,1000,820.217577
181.033655,1000,824.906706
166.047659,1000,828.929924
199.957998,1000,833.614681
182.591438,1000,837.673193
168.844288,1000,842.362155
166.109034,1000,846.436632
180.161672,1000,851.128412
169.962231,1000,855.200768
176.330488,1000,859.873977
190.30984,1000,863.929368
187.481945,1000,868.609257
171.794273,1000,872.677789
173.697356,1000,877.378757
177.980085,1000,881.458262
175.977785,1000,886.156689
164.856536,1000,890.237732
182.23561,1000,894.945145
170.976809,1000,898.986623
174.317439,1000,903.660014
187.621255,1000,907.735719
174.429843,1000,912.393003
177.905904,1000,916.474332
173.130248,1000,921.168239
186.986635,1000,925.246945
193.963613,1000,929.942915
180.369619,1000,934.020909
175.806534,1000,938.722421
175.260103,1000,942.799603
186.833345,1000,946.88442
177.157765,1000,951.568513
171.498647,1000,955.647754
187.969884,1000,960.345789
172.347525,1000,964.427437
187.917075,1000,969.118942
190.837158,1000,973.193089
188.205052,1000,977.879132
179.572839,1000,981.958014
166.809966,1000,986.602781
176.168856,1000,990.677258
167.877183,1000,995.374044
181.610336,1000,999.459129
179.437738,1000,1004.136435
201.73527,1000,1008.199351
167.721588,1000,1012.861351
179.696953,1000,1016.937351
175.585627,1000,1021.637332
178.192943,1000,1025.720932
167.162556,1000,1030.406969
182.305888,1000,1034.481352
178.291446,1000,1039.182139
174.456311,1000,1043.268292
167.191566,1000,1047.942821
180.111914,1000,1052.008154
170.635675,1000,1056.697547
182.684401,1000,1060.77154
157.048043,1000,1065.464801
180.401551,1000,1069.546424
159.245212,1000,1074.246599
169.920299,1000,1078.324739
172.21847,1000,1083.008256
158.624579,1000,1087.085373
188.807687,1000,1091.786362
166.591911,1000,1095.861512
164.497064,1000,1100.561725
181.893138,1000,1104.637746
196.817538,1000,1109.336465
184.574304,1000,1113.412818
174.11677,1000,1118.107533
179.948201,1000,1122.185902
175.987617,1000,1126.271545
189.510202,1000,1130.961289
170.256877,1000,1135.040003
161.363171,1000,1139.732891
174.010967,1000,1143.811897
168.145121,1000,1148.452977
185.232771,1000,1152.536423
165.254092,1000,1157.226245
175.730564,1000,1161.300198
195.229794,1000,1165.982869
181.207818,1000,1170.048614
179.893751,1000,1174.717159
158.903172,1000,1178.781116
168.963695,1000,1183.444989
173.590294,1000,1187.502653
166.202493,1000,1192.173381
185.087172,1000,1196.238565
188.629225,1000,1200.905105
165.522181,1000,1204.959451
174.642556,1000,1209.616982
177.325468,1000,1213.668902
177.869617,1000,1218.334549
185.36075,1000,1222.394844
172.857851,1000,1227.061173
175.066649,1000,1231.112749
181.932312,1000,1235.781936
159.235517,1000,1239.829623
181.999861,1000,1244.491198
186.814411,1000,1248.539496
156.184097,1000,1253.199293
187.331402,1000,1257.246909
171.324864,1000,1261.902176
186.669954,1000,1265.941569
174.04522,1000,1270.59632
175.415852,1000,1274.634578
165.720647,1000,1279.278021
186.113985,1000,1283.32163
178.093782,1000,1287.972267
178.307521,1000,1292.012576
162.736606,1000,1296.667011
169.298326,1000,1300.713615
169.843686,1000,1305.36756
177.407958,1000,1309.406781
180.945089,1000,1313.439502
173.869443,1000,1318.094011
185.204297,1000,1322.133741
191.990825,1000,1326.784637
160.486058,1000,1330.822328
187.69718,1000,1335.468678
174.238159,1000,1339.50383
199.755686,1000,1344.149344
181.489318,1000,1348.181461
176.96687,1000,1352.819962
172.400294,1000,1356.852101
178.763428,1000,1361.492621
176.457785,1000,1365.512181
172.245911,1000,1370.144286
172.213526,1000,1374.163123
191.912102,1000,1378.787021
186.50163,1000,1382.805388
175.534926,1000,1387.433221
171.099241,1000,1391.452851
171.08182,1000,1396.073735
154.006021,1000,1400.096116
163.89115,1000,1404.719741
162.300055,1000,1408.744878
179.519386,1000,1413.367094
161.439416,1000,1417.383276
172.093552,1000,1422.003108
175.250402,1000,1426.021625
182.886363,1000,1430.644878
167.041308,1000,1434.669303
162.205235,1000,1439.299074
174.407728,1000,1443.320923
180.385517,1000,1447.940687
165.378189,1000,1451.957262
167.890964,1000,1456.576214
183.745507,1000,1460.597477
156.765326,1000,1465.211543
152.073125,1000,1469.234707
187.741259,1000,1473.860765
149.25423,1000,1477.882823
183.445529,1000,1482.514171
174.302669,1000,1486.527192
190.181587,1000,1491.1525
185.167787,1000,1495.169614
168.67523,1000,1499.191917
189.775973,1000,1503.810306
172.757098,1000,1507.827101
173.238309,1000,1512.449327
180.061443,1000,1516.47375
170.58902,1000,1521.088338
156.176038,1000,1525.108501
196.672084,1000,1529.73399
192.187722,1000,1533.761099
189.635216,1000,1538.337109
156.807811,1000,1542.357994
176.348983,1000,1546.989188
169.576602,1000,1551.012943
191.273379,1000,1555.643718
176.624865,1000,1559.664365
171.568736,1000,1564.289823
160.369481,1000,1568.31341
181.599489,1000,1572.94916
179.236991,1000,1576.964337
183.324183,1000,1581.58462
185.844214,1000,1585.593743
182.446657,1000,1590.225816
173.333096,1000,1594.244418
195.804904,1000,1598.876785
184.792733,1000,1602.895175
174.927712,1000,1607.523126
167.76124,1000,1611.543079
175.340392,1000,1616.171227
208.451829,1000,1620.181822
194.217303,1000,1624.798183
172.067215,1000,1628.821036
182.302096,1000,1633.446634
156.781232,1000,1637.468686
184.31593,1000,1642.09617
162.901933,1000,1646.11979
170.122617,1000,1650.748826
180.805236,1000,1654.768864
176.690926,1000,1659.396844
167.375099,1000,1663.419105
177.702833,1000,1668.046016
158.805072,1000,1672.067969
170.703219,1000,1676.687165
160.47841,1000,1680.704193
182.469379,1000,1684.717488
192.545832,1000,1689.341979
161.91944,1000,1693.354257
173.317587,1000,1697.978482
168.336662,1000,1701.995041
180.417364,1000,1706.622844
168.687397,1000,1710.644642
175.850603,1000,1715.269462
178.264222,1000,1719.284586
155.51395,1000,1723.911864
186.964116,1000,1727.935738
176.856222,1000,1732.561951
175.077862,1000,1736.578186
187.635803,1000,1741.205386
193.817742,1000,1745.225251
186.335392,1000,1749.848372
182.815618,1000,1753.867142
182.143908,1000,1758.494103
162.365624,1000,1762.517438
167.734818,1000,1767.152229
177.531744,1000,1771.173728
171.333929,1000,1775.801755
183.655877,1000,1779.818728
177.555272,1000,1784.449111
159.017984,1000,1788.464613
165.162787,1000,1793.094131
177.480978,1000,1797.114314
168.134656,1000,1801.737435
152.159873,1000,1805.754263
165.878111,1000,1810.383353
171.072447,1000,1814.404413
156.787069,1000,1819.040527
169.490185,1000,1823.06029
190.967689,1000,1827.69194
189.923745,1000,1831.719039
186.427799,1000,1836.348918
167.163631,1000,1840.364143
188.714412,1000,1844.982642
161.46259,1000,1849.010438
173.979513,1000,1853.635772
160.219398,1000,1857.656945
160.016527,1000,1862.272325
167.369752,1000,1866.295628
179.078828,1000,1870.314994
170.731438,1000,1874.94068
171.065054,1000,1878.956917
190.54668,1000,1883.584374
172.490395,1000,1887.6045
179.70376,1000,1892.236186
177.066727,1000,1896.258027
177.787703,1000,1900.888517
158.140543,1000,1904.907116
158.404538,1000,1909.533679
175.274522,1000,1913.557727
162.090826,1000,1918.179853
174.111033,1000,1922.201749
180.323741,1000,1926.822759
165.028557,1000,1930.842294
167.501343,1000,1935.464231
181.239967,1000,1939.493678
171.169604,1000,1944.109974
173.982887,1000,1948.129294
168.382296,1000,1952.744748
173.305527,1000,1956.762676
173.045362,1000,1961.387527
172.03816,1000,1965.41105
171.478265,1000,1970.029715
162.298269,1000,1974.044833
178.888237,1000,1978.666005
166.977164,1000,1982.679634
204.344375,1000,1987.305638
152.166619,1000,1991.325066
164.733668,1000,1995.953162
176.183477,1000,1999.974843
171.256517,1000,2004.601476
176.427865,1000,2008.614463
168.177345,1000,2013.238102
161.606367,1000,2017.254296
193.152691,1000,2021.876688
164.383831,1000,2025.889502
178.970819,1000,2030.511697
162.675205,1000,2034.523173
173.032922,1000,2039.147065
166.543459,1000,2043.169896
165.136521,1000,2047.79442
194.131811,1000,2051.804313
143.049028,1000,2055.818031
159.9008,1000,2060.444833
164.464951,1000,2064.462912
189.629682,1000,2069.086969
165.469965,1000,2073.102001
181.92716,1000,2077.736854
169.782442,1000,2081.771093
154.731025,1000,2086.402438
179.81862,1000,2090.425448
163.121818,1000,2095.051509
173.833021,1000,2099.06373
175.571742,1000,2103.692228
187.682631,1000,2107.70751
176.30336,1000,2112.338172
164.810766,1000,2116.359564
169.651676,1000,2120.988433
174.385512,1000,2125.001779
158.64433,1000,2129.630178
177.885634,1000,2133.654914
160.914007,1000,2138.27867
184.412736,1000,2142.300008
176.286357,1000,2146.921015
177.258419,1000,2150.950813
180.019935,1000,2155.573131
153.873219,1000,2159.592746
186.016582,1000,2164.170589
165.793291,1000,2168.10248
165.873247,1000,2172.609068
177.022079,1000,2176.494571
185.159609,1000,2180.857067
155.956747,1000,2184.636585
