#{"t_start": 1790536443.8574402, "env_id": "None"}
r,l,t
6.172037,1000,4.225575
4.073022,1000,8.445285
4.996571,1000,13.332877
4.550015,1000,17.556022
4.499998,1000,22.444971
4.511201,1000,26.661983
4.6323,1000,31.544164
4.380798,1000,35.762027
4.204438,1000,40.659506
3.663002,1000,44.874506
3.779638,1000,49.760351
3.633868,1000,53.983366
4.461205,1000,58.869431
5.923065,1000,63.086819
4.532533,1000,67.977949
4.954213,1000,72.196118
4.042374,1000,77.08597
6.60551,1000,81.301282
3.600655,1000,86.184436
4.080461,1000,90.396604
4.221936,1000,95.278636
4.2566,1000,99.504028
5.006615,1000,104.39204
4.340512,1000,108.612336
5.181962,1000,113.504274
6.149839,1000,117.725318
5.223889,1000,122.61394
4.030329,1000,126.837696
5.028836,1000,131.723312
3.985607,1000,135.976898
4.677952,1000,140.896334
4.704433,1000,145.139244
3.850347,1000,150.067972
5.322657,1000,154.291836
4.383527,1000,159.226196
5.508265,1000,163.451611
4.29394,1000,168.389282
5.038178,1000,172.670093
5.227078,1000,177.599875
4.381544,1000,181.826193
4.097426,1000,186.745749
4.257577,1000,190.986209
4.478711,1000,195.198577
4.644673,1000,200.090581
4.212889,1000,204.308695
5.681647,1000,209.20904
5.974949,1000,213.426368
4.674721,1000,218.329674
4.925695,1000,222.557194
4.578705,1000,227.480682
5.919973,1000,231.717884
