#{"t_start": 1790502941.6420043, "env_id": "None"}
r,l,t
213.182178,1000,10.081229
206.343413,1000,14.070704
198.182203,1000,18.73205
209.172031,1000,22.765852
214.127551,1000,27.42657
201.407854,1000,31.453762
208.505962,1000,36.11427
201.515835,1000,40.432998
222.340559,1000,45.071626
215.47162,1000,49.097142
212.125292,1000,53.73932
224.829769,1000,57.801593
198.262108,1000,62.464362
211.1825,1000,66.507127
194.731908,1000,71.213242
211.536927,1000,75.26299
192.700305,1000,79.922879
184.260015,1000,83.945187
212.617379,1000,88.602666
188.620582,1000,92.634793
212.852272,1000,97.286508
219.758262,1000,101.330095
194.217031,1000,105.995569
195.121561,1000,110.038899
177.265275,1000,114.729762
197.980459,1000,118.795598
203.869192,1000,123.482379
215.263972,1000,127.549978
215.336925,1000,132.232792
221.834116,1000,136.30365
194.138523,1000,140.993143
222.498814,1000,145.072315
210.776964,1000,149.756325
195.844143,1000,153.826757
211.53783,1000,158.518701
208.663372,1000,162.596355
207.576741,1000,167.317142
209.475303,1000,171.402681
204.101484,1000,176.059029
199.08207,1000,180.098604
197.75824,1000,184.745214
201.663476,1000,188.794151
211.993397,1000,192.837537
200.892831,1000,197.666927
191.545309,1000,201.720208
214.413868,1000,206.377828
211.114084,1000,210.423273
212.198882,1000,215.074612
206.475485,1000,219.312931
186.361411,1000,224.152768
195.026074,1000,228.495353
