#{"t_start": 1790503934.6690342, "env_id": "None"}
r,l,t
-12.573516,1000,4.502536
-18.016686,1000,9.329299
-17.209035,1000,14.835157
-21.636474,1000,19.352537
-19.647091,1000,24.50226
-20.739321,1000,29.34351
-16.790828,1000,34.587025
-20.914767,1000,39.14997
-14.167964,1000,44.350846
-18.170641,1000,49.040198
-10.172106,1000,53.985312
-13.289269,1000,58.400752
-10.260911,1000,63.950656
7.235755,1000,68.170434
-6.603562,1000,73.505092
-4.759387,1000,77.96469
-8.752163,1000,83.523532
8.395484,1000,88.822105
-11.517821,1000,94.369483
-3.927933,1000,99.086241
-3.904828,1000,104.008388
-4.326424,1000,108.189887
4.424248,1000,112.956563
-3.370401,1000,117.296133
4.68782,1000,122.061896
6.265725,1000,126.799532
2.759152,1000,131.647441
-0.336734,1000,136.015632
3.916984,1000,141.015924
-3.120556,1000,145.61043
0.561537,1000,150.794013
2.53025,1000,155.291919
-3.430821,1000,160.717459
7.170644,1000,165.368834
-3.535582,1000,170.130431
6.386467,1000,174.721315
1.549424,1000,180.409783
4.947941,1000,185.435368
9.079672,1000,190.818755
4.200517,1000,195.237647
1.820967,1000,200.315226
3.007533,1000,204.681035
5.788664,1000,209.233531
3.690472,1000,214.666159
3.510094,1000,219.332576
12.849236,1000,224.184655
16.05438,1000,228.757738
6.993261,1000,234.201794
10.354487,1000,238.320696
6.070091,1000,243.217139
14.318791,1000,247.47189
